MQKPPR,Q2IW23,"2-C-methyl-D-erythritol 2,4-cyclodiphosphate synthase",316058
MQKPPR,G5BRU9,Spermatogenesis-associated protein 21,10181
MQKPPR,A0A0Q0ZNK0,Peptide ABC transporter substrate-binding protein,1700845
MQKPPR,G7K359,Uncharacterized protein,3880
MQKPPR,W4FNU0,Uncharacterized protein,112090
MQKPPR,A0A139WW56,Uncharacterized protein,128403
MQKPPR,M3Y978,Uncharacterized protein,9669
MQKPPR,I3BW62,NUDIX hydrolase,870187
MQKPPR,A0A0Q2ZAJ6,Peptide ABC transporter substrate-binding protein,1225655
MQKPPR,A0A0A2CR98,Uncharacterized protein,1499502
MQKPPR,A2C886,Uncharacterized protein,59922
MQKPPR,F9W4T9,"WGS project CAEQ00000000 data, annotated contig 1227",1068625
MQKPPR,A0A0C1N6Y7,Rare lipoprotein A,1479485
WGQPR,A2SJA7,Serine--tRNA ligase,420662
WGQPR,C4XHA0,Serine--tRNA ligase,573370
WGQPR,D8TIU3,Putative uncharacterized protein,3068
WGQPR,W9GG31,IclR family transcriptional regulator,584657
WGQPR,A0A072PKW3,Uncharacterized protein,1182545
WGQPR,A0A0J0XKG6,Uncharacterized protein,879819
WGQPR,A0A0M3AMB8,Transposase,56193
WGQPR,E0DIK7,Uncharacterized protein,553207
WGQPR,A0A0B5WV53,Uncharacterized protein,1121088
WGQPR,W3YFY8,Serine--tRNA ligase,1256993
WGQPR,N1QXJ9,Uncharacterized protein,37682
WGQPR,A0A0B1R7X7,Serine--tRNA ligase,1076549
WGQPR,A0A0C3CB02,Uncharacterized protein,686832
WGQPR,W7VVG4,Serine--tRNA ligase,1430884
WGQPR,A0A0D2LVY0,Uncharacterized protein,945553
WGQPR,K0SR53,Uncharacterized protein,159749
WGQPR,E3KA05,Uncharacterized protein,418459
WGQPR,C5L780,"Seryl-tRNA synthetase, cytoplasmic, putative",423536
WGQPR,Q067A3,"Cobaltochelatase, CobN subunit",313625
WGQPR,F8PNQ6,Putative uncharacterized protein,936435
WGQPR,A0A0S8E6C1,Uncharacterized protein,1704028
WGQPR,A0A031JC76,Transposase,13689
WGQPR,C5K7F7,"Seryl-tRNA synthetase, cytoplasmic, putative",423536
WGQPR,V4NIW9,Repressor,1331042
WGQPR,A0A093G1D5,Uncharacterized protein,118200
WGQPR,F3NN33,Secreted penicillin-binding protein,996637
WGQPR,C5KEX1,"Seryl-tRNA synthetase, cytoplasmic, putative",423536
WGQPR,K0E0D1,Drug transport transmembrane protein,1229205
WGQPR,H0PWE0,Serine--tRNA ligase,748247
WGQPR,A0A0W7WQ85,Uncharacterized protein,1685382
WGQPR,M3W927,Uncharacterized protein,9685
WGQPR,K1W9C9,Uncharacterized protein,1220162
WGQPR,A0A0A4A6W3,Serine--tRNA ligase,69218
WGQPR,A0A0P8BDA7,"All-trans-retinol 13,14-reductase",1666916
WGQPR,J0D1A8,Uncharacterized protein,717982
WGQPR,A0A0X3TGF2,Serine--tRNA ligase,1775636
WGQPR,W7WKY6,Serine--tRNA ligase,1437443
WGQPR,A0A121Y4W5,Prophage repressor CI,727
WGQPR,D9QI93,"Phage portal protein, lambda family",633149
WGQPR,A0A068UZD4,Uncharacterized protein,49390
WGQPR,F3ZWK8,Serine--tRNA ligase,697281
WGQPR,C5LJJ2,"Seryl-tRNA synthetase, cytoplasmic, putative",423536
WGQPR,A0A0P6XMC0,Uncharacterized protein,70996
WGQPR,A0A0Q7CYY7,Serine--tRNA ligase,1736441
WGQPR,A0A112WIV4,Prophage repressor CI,727
WGQPR,A0A0G0UUV7,Serine--tRNA ligase,1618555
WGQPR,A0A0D1ZA49,Uncharacterized protein,212818
WGQPR,F7YFG7,Short-chain dehydrogenase/reductase SDR,536019
WGQPR,A0A0Q7RW21,Serine--tRNA ligase,1736464
WGQPR,A0A131Z5M3,Uncharacterized protein,34631
WGQPR,A0A127M527,Serine--tRNA ligase,1470434
WGQPR,A0A0C9XTZ0,"Unplaced genomic scaffold K443scaffold_7, whole genome shotgun sequence",1095629
WGQPR,A0A0B5F969,Sodium/hydrogen exchanger,1081613
WGQPR,A0A0F4FLK4,Tat (Twin-arginine translocation) pathway signal sequence domain protein,358
WGQPR,A0A0U0U5Z2,Uncharacterised protein,1773
WGQPR,A0A0G4HZ41,Uncharacterized protein,1169474
WGQPR,F2C3E8,LexA family repressor/S24 family protease,888728
WGQPR,A0A0N0X2N9,Serine--tRNA ligase,53707
WGQPR,A0A0K1K3L1,Uncharacterized protein,1678028
WGQPR,A0A084SFP5,Uncharacterized protein,1406225
WGQPR,B9NTU6,"Peroxisomal 2,4-dienoyl-CoA reductase",467661
WGQPR,D8P653,Putative transposase,859656
WGQPR,A0A0C2X5K4,Uncharacterized protein,933852
WGQPR,A3Z842,"Putative arsenite transporter, ACR3 family protein",221360
WGQPR,K3WIV2,Uncharacterized protein,431595
WGQPR,A0A067TMJ3,Uncharacterized protein,685588
WGQPR,A8NY47,Uncharacterized protein,240176
WGQPR,A0A0L7YSW1,Lysine 6-monooxygenase,663
WGQPR,X6DGJ2,Uncharacterized protein,1287232
WGQPR,A0A0A0HGW6,Transposase,1288298
WGQPR,A0A0L0JPC4,Penicillin-binding protein,146820
WGQPR,J4UAM2,Uncharacterized protein,1186058
WGQPR,A4CUH2,Cobalamin biosynthetic protein CobN,59931
WGQPR,V9ZZH5,"Transcriptional regulator ATPase, winged helix family",1354302
WGQPR,Q1YDK6,Gluconate 5-dehydrogenase,287752
WGQPR,G4T7B9,Related to single-stranded TG1-3 binding protein,1109443
WGQPR,A0A126R9G6,Seryl-tRNA ligase,407020
WGQPR,I2JML0,Serine--tRNA ligase,1168065
WGQPR,A0A0N1MXH6,Repressor,727
WGQPR,Q13ZT0,Uncharacterized protein,266265
WGQPR,A0A101U7L7,2-hydroxypropyl-CoM dehydrogenase,661399
WGQPR,M5TB43,Uncharacterized protein,595460
WGQPR,A0A0L6WEC1,Polyadenylate-binding protein 4,1306850
WGQPR,A0A0S8E844,Uncharacterized protein,1703409
WGQPR,A0A0H3PEN7,Putative prophage repressor CI,375177
WGQPR,A0A0C3E7H1,Uncharacterized protein,1036808
WGQPR,A0A031JK27,Transposase,13689
WGQPR,Q9RVZ1,Uncharacterized protein,243230
WGQPR,A0A0D2QEU8,Uncharacterized protein,945553
WGQPR,A4N794,Putative prophage repressor CI,375432
WGQPR,M3EYM0,Penicillin-binding protein,1054862
WGQPR,A0A0U3USK9,Serine--tRNA ligase,158822
WGQPR,W5IIZ2,Uncharacterized protein,641146
WGQPR,A5FT10,Transposase and inactivated derivatives-like protein,349163
WGQPR,U1TXE0,Serine--tRNA ligase,1358411
WGQPR,A0A099BWM7,Uncharacterized protein,1287488
WGQPR,A0A126RTM6,Dehydrogenase,1315974
WGQPR,J2LZ04,Serine--tRNA ligase,1144320
WGQPR,A0A0F3LRV5,Serine--tRNA ligase,1628190
WGQPR,W5TLU4,Putative acetyltransferase,1415166
WGQPR,B0CYU2,Predicted protein,486041
WGQPR,A4NZN1,Putative prophage repressor CI,375063
WGQPR,E1ZE00,Putative uncharacterized protein,554065
WGQPR,A0A0M1JDH4,Serine--tRNA ligase,1604835
WGQPR,R4LB70,DNA-directed DNA polymerase,649831
WGQPR,U3TUY5,Serine--tRNA ligase,891974
WGQPR,A0A072P2I0,Uncharacterized protein,1182545
WGQPR,A0A126RTG4,Transposase,1315974
WGQPR,F8NMM0,Putative uncharacterized protein,578457
WGQPR,A0A067MGZ3,Uncharacterized protein,930990
WGQPR,A0A0E1WGD4,Dihydroorotate dehydrogenase 2,656913
WGQPR,A0A086GVY3,Penicillin-binding protein,1930
WGQPR,A0A0T5P7H7,Transposase,540747
WGQPR,W6CPJ4,Nuclear inclusion protein b,12205
WGQPR,A0A0T7BZK4,Tetratricopeptide repeat family protein,1337936
WGQPR,A0A0C7NVF0,Serine--tRNA ligase,1006576
WGQPR,A5FT64,Transposase and inactivated derivatives-like protein,349163
WGQPR,A0A0D0II73,Repressor,727
WGQPR,A0A0C3CMX1,Uncharacterized protein,765440
WGQPR,A0A124NQZ7,Glycosyl transferase,1637859
WGQPR,A0A0M3ANB1,Transposase,56193
WGQPR,A0A137QGJ8,Polyadenylate-binding protein 4,1714833
WGQPR,J3CAM1,Serine--tRNA ligase,1144341
WGQPR,L1KYD8,"Penicillin-binding protein, transpeptidase domain protein",698759
WVYAYLK,A0A0C1G3V9,Penicillin amidase,1566023
LHHPR,P54490,Uncharacterized glycosyltransferase YqgM,224308
LHHPR,Q9C8Z4,Uncharacterized protein At3g06530,3702
LHHPR,Q8DLV5,UDP-N-acetylmuramate--L-alanine ligase,197221
LHHPR,M9NXR7,NADH-ubiquinone oxidoreductase chain 2,288315
LHHPR,Q2TFC2,NADH-ubiquinone oxidoreductase chain 2,245147
LHHPR,A9QGH1,NADH-ubiquinone oxidoreductase chain 2,475057
LHHPR,M4KV00,Uncharacterized protein,1233100
LHHPR,X0MXT5,MFS transporter permease,1395572
LHHPR,A0A0S7ZV59,Uncharacterized protein,1703403
LHHPR,Q1WMD4,NADH-ubiquinone oxidoreductase chain 2,342347
LHHPR,V7D5W6,3-oxosteroid 1-dehydrogenase,1388762
LHHPR,A9QGH2,NADH-ubiquinone oxidoreductase chain 2,475057
LHHPR,G9ZCX7,Uncharacterized protein,797473
LHHPR,Q2TFI4,NADH-ubiquinone oxidoreductase chain 2,288313
LHHPR,A0A0S2LPV2,Putative double LAGLIDADG homing endonuclease,35704
LHHPR,A0A077B796,NADH-ubiquinone oxidoreductase chain 2,1537727
LHHPR,B2XSZ1,NADH-ubiquinone oxidoreductase chain 2,135185
LHHPR,S5GCQ0,NADH-ubiquinone oxidoreductase chain 2,747216
LHHPR,A0A0A6Z5T1,NADH-ubiquinone oxidoreductase chain 2,324338
LHHPR,D8T4U7,Putative uncharacterized protein,88036
LHHPR,A5YJQ8,NADH-ubiquinone oxidoreductase chain 2,95112
LHHPR,H9B8T3,AtcR,1073252
LHHPR,V9ZY86,Nonribosomal peptide synthetase,1354302
LHHPR,A8FQW5,PhoH family protein,425104
LHHPR,A3RMM3,NADH-ubiquinone oxidoreductase chain 2,391643
LHHPR,A0A0C1CAV8,Uncharacterized protein,83552
LHHPR,S5G267,NADH-ubiquinone oxidoreductase chain 2,747215
LHHPR,A0A0D0J004,Acetylpolyamine aminohydrolase,47880
LHHPR,B6RDT3,NADH-ubiquinone oxidoreductase chain 2,401539
LHHPR,S5G3B8,NADH-ubiquinone oxidoreductase chain 2,747216
LHHPR,A0A0L0N6A7,Uncharacterized protein,1163406
LHHPR,A2SX77,NADH-ubiquinone oxidoreductase chain 2,495246
LHHPR,A0A103XCG0,"Zinc finger, CCCH-type",59895
LHHPR,J7G4U0,NADH-ubiquinone oxidoreductase chain 2,460625
LHHPR,E2FZ37,NADH-ubiquinone oxidoreductase chain 2,886391
LHHPR,A9QGG9,NADH-ubiquinone oxidoreductase chain 2,475056
LHHPR,A0A023E830,Putative non-ribosomal peptide synthetase,1216980
LHHPR,A0A077BAQ9,NADH-ubiquinone oxidoreductase chain 2,1537727
LHHPR,U2NT87,Putative Cellulose synthase,1332069
LHHPR,I3NCX0,Uncharacterized protein,43179
LHHPR,A0A0U2W720,FAD-dependent oxidoreductase,93219
LHHPR,A0A0Q5VZ88,Uncharacterized protein,1736352
LHHPR,G3CEE1,NADH-ubiquinone oxidoreductase chain 2,294368
LHHPR,A0A0P7DLU8,3-oxosteroid 1-dehydrogenase,303
LHHPR,A2SX90,NADH-ubiquinone oxidoreductase chain 2,369606
LHHPR,G5CBJ3,Zinc finger protein 642,10181
LHHPR,G1MVH1,Uncharacterized protein,9103
LHHPR,Q53BD1,NADH-ubiquinone oxidoreductase chain 2,156987
LHHPR,A0A0N8BUC4,One cut domain family member,35525
LHHPR,A9XF47,NADH-ubiquinone oxidoreductase chain 2,113393
LHHPR,X0HJY4,Uncharacterized protein,1089457
LHHPR,G8AQT4,Putative zinc metalloprotease,1064539
LHHPR,A0A0T8Q3K5,Glycoside hydrolase,1313
LHHPR,D5RU10,Uncharacterized protein,525371
LHHPR,A0A0J1N0P1,Uncharacterized protein,644
LHHPR,A0A0K6KR02,Glycogen synthase,1423
LHHPR,B6RDT7,NADH-ubiquinone oxidoreductase chain 2,401539
LHHPR,B4QXS9,GD19058,7240
LHHPR,A0A0J6FKY6,Uncharacterized protein,454284
LHHPR,A0A0P0WTH9,Os06g0177225 protein,39947
LHHPR,R7UHX1,Uncharacterized protein,283909
LHHPR,R7U6W7,Uncharacterized protein,283909
LHHPR,Q2TF61,NADH-ubiquinone oxidoreductase chain 2,113382
LHHPR,Q53BC3,NADH-ubiquinone oxidoreductase chain 2,284022
LHHPR,Q53BC0,NADH-ubiquinone oxidoreductase chain 2,288313
LHHPR,A0A132G737,Acetylpolyamine aminohydrolase,216778
LHHPR,A0A0A0M6R2,Membrane protein,1385515
LHHPR,B8P4Y5,Predicted protein,561896
LHHPR,M4D7T8,Long-chain-alcohol oxidase,51351
LHHPR,W8SIV2,NADH-ubiquinone oxidoreductase chain 2,1472291
LHHPR,A0A0K6KE13,Glycogen synthase,1396
LHHPR,A0A0G4JCR8,Paromamine 6'-oxidase,93218
LHHPR,B4PRI6,Uncharacterized protein,7245
LHHPR,Q2TFF0,NADH-ubiquinone oxidoreductase chain 2,324348
LHHPR,A0A0U3BHP2,Bcr/CflA family drug resistance transporter protein,1078773
LHHPR,E0XKC4,NADH-ubiquinone oxidoreductase chain 2,137245
LHHPR,A0A077B7E5,NADH-ubiquinone oxidoreductase chain 2,476463
LHHPR,A0A0G4L0K7,Uncharacterized protein,100787
LHHPR,A0A066YQS2,Uncharacterized protein,1348663
LHHPR,W8SMP3,NADH-ubiquinone oxidoreductase chain 2,401539
LHHPR,A0A0J9VU33,Uncharacterized protein,426428
LHHPR,A0A077B7C0,NADH-ubiquinone oxidoreductase chain 2,1537728
LHHPR,M8A0A1,Uncharacterized protein,4572
LHHPR,S5G329,NADH-ubiquinone oxidoreductase chain 2,747215
LHHPR,Q2TF72,NADH-ubiquinone oxidoreductase chain 2,113391
LHHPR,Q53BC9,NADH-ubiquinone oxidoreductase chain 2,113391
LHHPR,R7S4A8,Uncharacterized protein,741275
LHHPR,H8L2F6,Uncharacterized protein,767434
LHHPR,A0A0C5S419,Acetylpolyamine aminohydrolase,1384061
LHHPR,A6N2F0,Alt a 1 major allergen,445279
LHHPR,A0A0E0JPT4,Uncharacterized protein,4537
LHHPR,A5YJQ7,NADH-ubiquinone oxidoreductase chain 2,95112
LHHPR,E0XKB9,NADH-ubiquinone oxidoreductase chain 2,137245
LHHPR,F1SS34,Phosphoinositide phospholipase C,9823
LHHPR,A0A0A1HTR2,Acetylpolyamine aminohydrolase,984195
LHHPR,I1FFF2,Uncharacterized protein,400682
LHHPR,L2FSH0,Amp dependent ligase,1213859
LHHPR,H8FWD2,Putative capsular polysaccharide biosynthesis oxidoreductase,1150626
LHHPR,R1F194,Nonribosomal peptide synthetase,1268236
LHHPR,V9WYA0,3-oxosteroid 1-dehydrogenase,1259844
LHHPR,B3P3X3,GG16963,7220
LHHPR,A2SX97,NADH-ubiquinone oxidoreductase chain 2,114334
LHHPR,Q4JIU8,Formate dehydrogenase gamma subunit,333425
LHHPR,Q2TFI2,NADH-ubiquinone oxidoreductase chain 2,288313
LHHPR,A0A0P0FAP2,Peptidase M48,192
LHHPR,A0A060DLA1,Peptidase M48,192
LHHPR,A0A0M7HG11,Choline dehydrogenase,134375
LHHPR,A0A0A9DDH2,Uncharacterized protein,35708
LHHPR,D5QJ99,Uncharacterized protein,714995
LHHPR,Q53BC2,NADH-ubiquinone oxidoreductase chain 2,156989
LHHPR,A0A0K6N0B0,Glycogen synthase,1423
LHHPR,I3PWJ9,NADH-ubiquinone oxidoreductase chain 2,134762
LHHPR,M9NYG1,NADH-ubiquinone oxidoreductase chain 2,288315
LHHPR,A0A0B5KCN1,Fumarate reductase/succinate dehydrogenase flavoprotein domain-containing protein,70775
LHHPR,A5YJR1,NADH-ubiquinone oxidoreductase chain 2,95112
LHHPR,D0SSJ2,Methyltransferase domain protein,575588
LHHPR,D2DL74,NADH-ubiquinone oxidoreductase chain 2,586894
LHHPR,A0A0J0XMV8,Uncharacterized protein,879819
LHHPR,A0A024B7S2,NADH-ubiquinone oxidoreductase chain 2,1495448
LHHPR,J7G4T5,NADH-ubiquinone oxidoreductase chain 2,911496
LHHPR,S5GCF2,NADH-ubiquinone oxidoreductase chain 2,747215
LHHPR,A0A0D3HF39,Uncharacterized protein,65489
LHHPR,A9QGM9,NADH-ubiquinone oxidoreductase chain 2,475060
LHHPR,J7GBB1,NADH-ubiquinone oxidoreductase chain 2,1208041
LHHPR,K1RNH2,Uncharacterized protein,29159
LHHPR,E2JCI1,NADH-ubiquinone oxidoreductase chain 2,885517
LHHPR,A0A0N1LMG3,Exodeoxyribonuclease 7 large subunit,1523418
LHHPR,K5VME9,Uncharacterized protein,597362
LHHPR,A0A125XZD5,Peptide synthetase,648
LHHPR,K1DZA7,IolD protein,1210046
LHHPR,A0A0Q3Q3T3,Uncharacterized protein,12930
LHHPR,W6M4J2,Putative Serine/threonine protein kinase,1400861
LHHPR,B9L1S4,"Glycosyl hydrolase, family 15",309801
LHHPR,E2JCL2,NADH-ubiquinone oxidoreductase chain 2,884332
LHHPR,A0A094FV66,Uncharacterized protein,1420913
LHHPR,L8Q107,Uncharacterized protein,1236548
LHHPR,A0A0M2CQY5,Cold-shock protein,1292021
LHHPR,E8WXI4,Tyrosine recombinase XerC,1198114
LHHPR,G3GZA8,Paired box protein Pax-6,10029
LHHPR,G1PJC6,Uncharacterized protein,59463
LHHPR,R7WUA7,Capsular polysaccharide biosynthesis oxidoreductase,1286093
LHHPR,S5G249,NADH-ubiquinone oxidoreductase chain 2,747215
LHHPR,B4K5Q3,"Uncharacterized protein, isoform B",7230
LHHPR,Q644V7,NADH-ubiquinone oxidoreductase chain 2,134762
LHHPR,A0A023RHN1,Nonribosomal peptide synthetase,1208104
LHHPR,A0A0B7KFT4,Uncharacterized protein,29856
LHHPR,A9QGN0,NADH-ubiquinone oxidoreductase chain 2,475060
LHHPR,J7GB77,NADH-ubiquinone oxidoreductase chain 2,460623
LHHPR,D4FYT0,Uncharacterized protein,645657
LHHPR,A9GX89,Uncharacterized protein,448385
LHHPR,J9Q3S8,NADH-ubiquinone oxidoreductase chain 2,1183075
LHHPR,N4U9Z8,Uncharacterized protein,1229664
LHHPR,K9H8H1,Uncharacterized protein,936046
LHHPR,D2DGH1,NADH-ubiquinone oxidoreductase chain 2,365029
LHHPR,Q3IS94,Glutamate dehydrogenase,348780
LHHPR,C1F295,Cyclic diguanylate phosphodiesterase/diguanylate cyclase,240015
LHHPR,A0A0D1WQ85,Uncharacterized protein,212818
LHHPR,A0A0G2EE84,Putative 5-oxoprolinase (Atp-hydrolysing),158046
LHHPR,A0A0A6Z5W4,NADH-ubiquinone oxidoreductase chain 2,324339
LHHPR,A0A0D2EKQ2,"Unplaced genomic scaffold supercont1.14, whole genome shotgun sequence",1442370
LHHPR,I5C3S0,Allophanate hydrolase subunit 1,1189621
LHHPR,A0A0J6C307,FAD-dependent oxidoreductase,1331258
LHHPR,A0A0C2PU07,Uncharacterized protein,1245935
LHHPR,B4LX93,Uncharacterized protein,7244
LHHPR,A0A0L8R9S1,Serine/threonine-protein kinase RAD53,1080349
LHHPR,F4JAY0,U3snoRNP10 and NUC211 domain-containing protein,3702
LHHPR,G8F0J0,NADH-ubiquinone oxidoreductase chain 2,644974
LHHPR,A9QGN7,NADH-ubiquinone oxidoreductase chain 2,475060
LHHPR,A9QGN1,NADH-ubiquinone oxidoreductase chain 2,475060
LHHPR,A0A091AT83,Peptide synthetase,645
LHHPR,R0I029,Uncharacterized protein,81985
LHHPR,S0EJX6,Uncharacterized protein,1279085
LHHPR,A0A0C5AD02,NADH-ubiquinone oxidoreductase chain 2,395391
LHHPR,A0A0L0SPC1,Uncharacterized protein,578462
LHHPR,M1B9E9,Uncharacterized protein,4113
LHHPR,A0A0B4XSV6,C4-dicarboxylate transporter/malic acid transport protein,391936
LHHPR,A0A087SDA1,Serine/threonine-protein kinase TOUSLED,3075
LHHPR,A0A0W0BPT9,Peptide synthetase,29491
LHHPR,A0A0H3WQZ4,FAD-dependent oxidoreductase,656179
LHHPR,A0A0D1JGL8,Uncharacterized protein,1423
LHHPR,Q2TFJ0,NADH-ubiquinone oxidoreductase chain 2,113391
LHHPR,A9QGN2,NADH-ubiquinone oxidoreductase chain 2,475060
LHHPR,A0A0M0L3T3,Glycosyltransferase,86667
LHHPR,B8P4X9,Predicted protein,561896
LHHPR,A0A067PFT0,Uncharacterized protein,933084
LHHPR,M9NXP5,NADH-ubiquinone oxidoreductase chain 2,288315
LHHPR,A0A099MZK7,3-oxosteroid 1-dehydrogenase,70775
LHHPR,C5DYI2,ZYRO0F13244p,559307
LHHPR,Q674A0,NADH-ubiquinone oxidoreductase chain 2,272867
LHHPR,X0IVA4,Uncharacterized protein,1089451
LHHPR,A0A0K3ASF5,Uncharacterized protein,1133968
LHHPR,Q52U96,NADH-ubiquinone oxidoreductase chain 2,8324
LHHPR,A0A0U3UJH3,Cell division protein,158822
LHHPR,W7MUI3,Uncharacterized protein,334819
LHHPR,E9CKZ9,"Formate dehydrogenase-O, cytochrome b556 subunit",914128
LHHPR,A2SX91,NADH-ubiquinone oxidoreductase chain 2,369607
LHHPR,B5ELF4,Uncharacterized protein,380394
LHHPR,A0A0P9Y647,Uncharacterized protein,83963
LHHPR,Q177S4,AAEL006028-PA,7159
LHHPR,S5G0E2,NADH-ubiquinone oxidoreductase chain 2,747215
LHHPR,Q2TF70,NADH-ubiquinone oxidoreductase chain 2,294368
LHHPR,J9Q4J2,NADH-ubiquinone oxidoreductase chain 2,1183076
LHHPR,B5BR84,Major facilitator transporter,68570
LHHPR,A0A0K1TQ04,NADH-ubiquinone oxidoreductase chain 2,460626
LHHPR,Q2TFC0,NADH-ubiquinone oxidoreductase chain 2,157107
LHHPR,A0A0E3DEY8,NADH-ubiquinone oxidoreductase chain 2,1248184
LHHPR,A0A096PN35,Uncharacterized protein,4577
LHHPR,Q2TFH4,NADH-ubiquinone oxidoreductase chain 2,324342
LHHPR,U6M6Y1,Uncharacterized protein,5804
LHHPR,L8AN48,Glycosyltransferase,1204343
LHHPR,G3CE88,NADH-ubiquinone oxidoreductase chain 2,113393
LHHPR,S5GA50,NADH-ubiquinone oxidoreductase chain 2,747216
LHHPR,A0A0S1US50,Peptidase,206662
LHHPR,T0QTG8,Non-ribosomal peptide synthetase,1324960
LHHPR,I3MD62,Uncharacterized protein,43179
LHHPR,A0A0S3RYR9,Uncharacterized protein,157739
LHHPR,A0A0E0ELF2,Uncharacterized protein,40149
LHHPR,Q2TFH2,NADH-ubiquinone oxidoreductase chain 2,324334
LHHPR,G8H6P8,NADH-ubiquinone oxidoreductase chain 2,586894
LHHPR,G5AR14,Mas-related G-protein coupled receptor member X1,10181
LHHPR,Q53BD2,NADH-ubiquinone oxidoreductase chain 2,244216
LHHPR,C4NXV8,NADH-ubiquinone oxidoreductase chain 2,460091
LHHPR,A0A0P5AD68,Cuticle-like protein,35525
LHHPR,A0A059LLV3,Protein kinase,1291522
LHHPR,A2SX78,NADH-ubiquinone oxidoreductase chain 2,369602
LHHPR,G8NRI2,Tyrosine recombinase XerC,682795
LHHPR,D1NXY7,Uncharacterized protein,500637
LHHPR,A0A0J6YFH9,Uncharacterized protein,404692
LHHPR,Q9TG87,NADH-ubiquinone oxidoreductase chain 2,102183
LHHPR,X0ETI1,Uncharacterized protein,1089448
LHHPR,A0A0L9U860,Uncharacterized protein,3914
LHHPR,A0A077BAT5,NADH-ubiquinone oxidoreductase chain 2,1537740
LHHPR,A0A078ILH4,BnaA03g47590D protein,3708
LHHPR,G9HTN6,NADH-ubiquinone oxidoreductase chain 2,1127071
LHHPR,G3CE75,NADH-ubiquinone oxidoreductase chain 2,36312
LHHPR,S5G9T5,NADH-ubiquinone oxidoreductase chain 2,747215
LHHPR,S5G0F7,NADH-ubiquinone oxidoreductase chain 2,747215
LHHPR,R7VEX0,Uncharacterized protein,283909
LHHPR,E2JCI0,NADH-ubiquinone oxidoreductase chain 2,885517
LHHPR,A9QGN6,NADH-ubiquinone oxidoreductase chain 2,475060
LHHPR,S6EB45,Serine/threonine-protein kinase RAD53,1333698
LHHPR,A0A0D1CSE1,"Chromosome 6, whole genome shotgun sequence",237631
LHHPR,F7SZA7,Capsular polysaccharide biosynthesis oxidoreductase,1003200
LHHPR,A0KL37,Nonribosomal peptide synthetase,380703
LHHPR,W0VGA1,Serine/threonine-protein kinase RAD53,1355161
LHHPR,I6LBA2,NADH-ubiquinone oxidoreductase chain 2,273663
LHHPR,A0A0N9WTU0,NADH-ubiquinone oxidoreductase chain 2,57439
LHHPR,B2XSU5,NADH dehydrogenase subunit 2,57439
LHHPR,H0JCS4,Histone deacetylase superfamily protein,1112217
LHHPR,S5G262,NADH-ubiquinone oxidoreductase chain 2,747215
LHHPR,Q2TFH6,NADH-ubiquinone oxidoreductase chain 2,312229
LHHPR,A0A0J6FIS9,ATP-dependent RNA helicase A,454284
LHHPR,I6P0Y4,NADH-ubiquinone oxidoreductase chain 2,655676
LHHPR,Q2TFG8,NADH-ubiquinone oxidoreductase chain 2,324344
LHHPR,I0F6E1,Glycosyltransferase,1127744
LHHPR,K8E1B1,Tyrosine recombinase XerC,1121428
LHHPR,A0A132BFP1,Glycosyltransferase,279143
LHHPR,N9QMK9,Uncharacterized protein,1144673
LHHPR,A5YJR6,NADH-ubiquinone oxidoreductase chain 2,95112
LHHPR,A5YJR5,NADH-ubiquinone oxidoreductase chain 2,95112
LHHPR,A0A060UJ82,Sulphatase-modifying factor protein,160808
LHHPR,J7GDP7,NADH-ubiquinone oxidoreductase chain 2,462277
LHHPR,M2TJ22,Uncharacterized protein,665912
LHHPR,S5G9M9,NADH-ubiquinone oxidoreductase chain 2,747215
LHHPR,A0A0S3BI40,Non-ribosomal peptide synthetase,644
LHHPR,D7L5J0,Putative uncharacterized protein,81972
LHHPR,S5GA40,NADH-ubiquinone oxidoreductase chain 2,747216
LHHPR,A0A120MG10,Oxygen regulatory protein NreC,1792031
LHHPR,F8UUX7,NADH-ubiquinone oxidoreductase chain 2,56343
LHHPR,M5XVG2,Uncharacterized protein,3760
LHHPR,B8PJT5,Predicted protein,561896
LHHPR,M9NXU8,NADH-ubiquinone oxidoreductase chain 2,288315
LHHPR,C5DXS2,Serine/threonine-protein kinase RAD53,559307
LHHPR,K9MEN1,NADH-ubiquinone oxidoreductase chain 2,747207
LHHPR,Q2TFH0,NADH-ubiquinone oxidoreductase chain 2,324338
LHHPR,A0A068YYX8,"Formate dehydrogenase-O, cytochrome b556 subunit",138074
LHHPR,V2R988,Uncharacterized protein,981327
LHHPR,Q2TFG0,NADH-ubiquinone oxidoreductase chain 2,324341
LHHPR,Q2TFG6,NADH-ubiquinone oxidoreductase chain 2,324343
LHHPR,A0A068RCR2,"Formate dehydrogenase, cytochrome b556(Fdo) subunit",1347341
LHHPR,A0A0A2LIR1,"Prolyl 4-hydroxylase, alpha subunit",40296
LHHPR,Q2TFH8,NADH-ubiquinone oxidoreductase chain 2,312230
LHHPR,G3CFR2,BnaC07g39860D protein,3708
LHHPR,Q9VF10,LD38495p,7227
LHHPR,A0A0A9RR14,Uncharacterized protein,35708
LHHPR,D2DGF8,NADH-ubiquinone oxidoreductase chain 2,157107
LHHPR,A0A0H4W2J6,Fructose dehydrogenase large subunit,103855
LHHPR,A8RH53,NADH-ubiquinone oxidoreductase chain 2,114334
LHHPR,A0A091EB79,Zinc finger protein 642,885580
LHHPR,M9NXJ0,NADH-ubiquinone oxidoreductase chain 2,476251
LHHPR,V5V3V5,UDP-N-acetylmuramate--L-alanine ligase,1394889
LHHPR,M7BMI9,Kinesin-like protein KIF3B,8469
LHHPR,A0A0N7H8M6,Uncharacterized protein,1766
LHHPR,A0A095T137,DNA polymerase III subunit psi,642227
LHHPR,E2JCL1,NADH-ubiquinone oxidoreductase chain 2,884332
LHHPR,C9DHH4,NADH-ubiquinone oxidoreductase chain 2,307979
LHHPR,V9UZJ5,3-oxosteroid 1-dehydrogenase,1435058
LHHPR,A0A0K0ME17,Non-ribosomal peptide synthetase,29491
LHHPR,S5G325,NADH-ubiquinone oxidoreductase chain 2,747215
LHHPR,B6RDT8,NADH-ubiquinone oxidoreductase chain 2,401539
LHHPR,A0A0C4F7I7,Uncharacterized protein,630390
LHHPR,A2SX92,NADH-ubiquinone oxidoreductase chain 2,369608
LHHPR,A0A0K2V0P6,Uncharacterized protein,72036
LHHPR,A0A097KS86,NADH-ubiquinone oxidoreductase chain 2,56343
LHHPR,A0A024B8A4,NADH-ubiquinone oxidoreductase chain 2,1495448
LHHPR,A9QGN4,NADH-ubiquinone oxidoreductase chain 2,475060
LHHPR,G7K1C4,Uncharacterized protein,3880
LHHPR,F8UUX5,NADH-ubiquinone oxidoreductase chain 2,56343
LHHPR,U1ZAV6,Glycosyltransferase,1386080
LHHPR,Q56J86,60S ribosomal protein L18a,249248
LHHPR,A9QGP0,NADH-ubiquinone oxidoreductase chain 2,475060
LHHPR,E6WHC5,Cellulose synthase operon protein YhjQ,592316
LHHPR,H9EC59,NADH-ubiquinone oxidoreductase chain 2,288313
LHHPR,T1C5W8,Uncharacterized protein,410659
LHHPR,A0A0A3ZTS7,Cell division protein,69218
LHHPR,A5YJR0,NADH-ubiquinone oxidoreductase chain 2,95112
LHHPR,A0A0D3DG50,Uncharacterized protein,109376
LHHPR,R4VMZ3,Phosphomethylpyrimidine kinase,1260251
LHHPR,J2TR83,Uncharacterized protein,1144319
LHHPR,A0A066YMT5,Putative Glutathione import ATP-binding protein GsiA,1348663
LHHPR,A8B8E2,Beta-carotene hydroxylase,3708
LHHPR,A0A0E0IBK1,Uncharacterized protein,4536
LHHPR,C7ZGY0,Putative uncharacterized protein,660122
LHHPR,Q7Y8Q3,NADH-ubiquinone oxidoreductase chain 2,71677
LHHPR,D1C776,Cell envelope-related transcriptional attenuator,479434
LHHPR,F4RNT1,Putative uncharacterized protein,747676
LHHPR,I0K1Q9,Pyridoxal-dependent decarboxylase,1166018
LHHPR,M9NXM4,NADH-ubiquinone oxidoreductase chain 2,288315
LHHPR,Q8LWQ7,NADH-ubiquinone oxidoreductase chain 2,113097
LHHPR,A0A097KSC0,NADH-ubiquinone oxidoreductase chain 2,56343
LHHPR,A0A0N8DSV5,Uncharacterized protein,35525
LHHPR,A0A0P5LTU2,Uncharacterized protein,35525
LHHPR,A0A0Q5M612,Uncharacterized protein,1736341
LHHPR,B3M394,Uncharacterized protein,7217
LHHPR,C9DHI7,NADH-ubiquinone oxidoreductase chain 2,8341
LHHPR,F8KZ55,Uncharacterized protein,765952
LHHPR,G0JSF5,Sulphatase-modifying factor protein,743299
LHHPR,F9U6A7,Putative uncharacterized protein,768671
LHHPR,A0A0F5K748,FAD-dependent oxidoreductase,28092
LHHPR,A0A059UWG6,Fumarate reductase/succinate dehydrogenase flavoprotein domain-containing protein,303
LHHPR,N8NML2,Uncharacterized protein,1144674
LHHPR,I6P5A1,NADH-ubiquinone oxidoreductase chain 2,1118400
LHHPR,B6RDT6,NADH-ubiquinone oxidoreductase chain 2,401539
LHHPR,W8X0L2,Glucose-methanol-choline oxidoreductase:NAD binding site,1437824
LHHPR,M9NXX7,NADH-ubiquinone oxidoreductase chain 2,288315
LHHPR,Q2TFJ6,NADH-ubiquinone oxidoreductase chain 2,324345
LHHPR,A0A0Q6FBM0,Uncharacterized protein,1736379
LHHPR,A9QGN9,NADH-ubiquinone oxidoreductase chain 2,475060
LHHPR,F8XNZ5,Uncharacterized protein,872330
LHHPR,G4ETT2,Uncharacterized protein,1089443
LHHPR,G3CEA1,NADH-ubiquinone oxidoreductase chain 2,288313
LHHPR,Q2TFD8,NADH-ubiquinone oxidoreductase chain 2,156989
LHHPR,J4DPP6,Serine/threonine-protein kinase ripk4,869250
LHHPR,A0A0K9Q2Z9,RING/U-box superfamily protein,29655
LHHPR,B5SV78,NADH-ubiquinone oxidoreductase chain 2,504089
LHHPR,I3M8Z2,Uncharacterized protein,43179
LHHPR,C6I0L0,Phage integrase family protein,412449
LHHPR,A0A024B8L3,NADH-ubiquinone oxidoreductase chain 2,1495448
LHHPR,Q5EX36,NADH-ubiquinone oxidoreductase chain 2,273661
LHHPR,I6NWL1,NADH-ubiquinone oxidoreductase chain 2,1118400
LHHPR,B6RDT4,NADH-ubiquinone oxidoreductase chain 2,401539
LHHPR,A0A0C2Q4M9,Uncharacterized protein,135461
LHHPR,Q2TFF6,NADH-ubiquinone oxidoreductase chain 2,252291
LHHPR,G3CEB4,NADH-ubiquinone oxidoreductase chain 2,244217
LHHPR,R5PZ37,Uncharacterized protein,1262685
LHHPR,M4DRK2,Uncharacterized protein,51351
LHHPR,S4V0P0,NADH-ubiquinone oxidoreductase chain 2,233781
LHHPR,A0A0F9RAX0,Uncharacterized protein,412755
LHHPR,A5YJQ9,NADH-ubiquinone oxidoreductase chain 2,95112
LHHPR,Q296P4,Uncharacterized protein,46245
LHHPR,B8R6J9,NADH-ubiquinone oxidoreductase chain 2,137245
LHHPR,A0A0X3SKG3,Protein phosphatase,1609098
LHHPR,R9V4I9,Acetylpolyamine aminohydrolase,1331671
LHHPR,A7RTZ1,Predicted protein,45351
LHHPR,M0IGD5,Uncharacterized protein,662479
LHHPR,C0RW68,NADH-ubiquinone oxidoreductase chain 2,137245
LHHPR,A5YJR2,NADH-ubiquinone oxidoreductase chain 2,95112
LHHPR,S5G361,NADH-ubiquinone oxidoreductase chain 2,747215
LHHPR,N9G844,Uncharacterized protein,1311804
LHHPR,F2UNU5,Putative uncharacterized protein,946362
LHHPR,M3Z862,Uncharacterized protein,9669
LHHPR,A2SX76,NADH-ubiquinone oxidoreductase chain 2,495246
LHHPR,Q2TFE2,NADH-ubiquinone oxidoreductase chain 2,288315
LHHPR,I3X8M9,ATP-dependent DNA helicase RecG,1185652
LHHPR,A0A0W0AW50,Peptide synthetase,645
LHHPR,B4GEV8,GL22080,7234
LHHPR,A0A0X3VFJ6,Dipeptide/oligopeptide/nickel ABC transporter ATP-binding protein,135947
LHHPR,A0A0M7BH12,Choline dehydrogenase,134375
LHHPR,A0A077B5K8,NADH-ubiquinone oxidoreductase chain 2,1537740
LHHPR,B1PHS6,NADH-ubiquinone oxidoreductase chain 2,357323
LHHPR,Q2TFF4,NADH-ubiquinone oxidoreductase chain 2,36312
LHHPR,Q2TFK4,NADH-ubiquinone oxidoreductase chain 2,288797
LHHPR,S5GCE8,NADH-ubiquinone oxidoreductase chain 2,747215
LHHPR,Q2TFI8,NADH-ubiquinone oxidoreductase chain 2,324340
LHHPR,A0A0P0WAD9,Os04g0407850 protein,39947
LHHPR,W8SAR6,NADH-ubiquinone oxidoreductase chain 2,1472291
LHHPR,Q7YB10,NADH dehydrogenase subunit 2,885517
LHHPR,Q2TF64,NADH-ubiquinone oxidoreductase chain 2,288797
LHHPR,S5G2G8,NADH-ubiquinone oxidoreductase chain 2,747216
LHHPR,G3CEC7,NADH-ubiquinone oxidoreductase chain 2,429345
LHHPR,W9LQY5,Uncharacterized protein,1080343
LHHPR,M9TWN4,Uncharacterized protein,1265601
LHHPR,C0HJA0,Uncharacterized protein,4577
LHHPR,A0A0W0AS20,Peptide synthetase,645
LHHPR,S5G2L0,NADH-ubiquinone oxidoreductase chain 2,747216
LHHPR,Q1HU11,NADH-ubiquinone oxidoreductase chain 2,363225
LHHPR,F0XUB4,F-box domain containing protein,655863
LHHPR,T2H690,Acetylpolyamine aminohydrolase,1211579
LHHPR,B6RDT2,NADH-ubiquinone oxidoreductase chain 2,401539
LHHPR,A0A125UJT3,Uncharacterized protein,1628753
LHHPR,Q2TFF8,NADH-ubiquinone oxidoreductase chain 2,312230
LHHPR,A0A0P0VHB2,Os02g0265100 protein,39947
LHHPR,A0A0I9YL91,Uncharacterized protein,5127
LHHPR,Q53BB9,NADH-ubiquinone oxidoreductase chain 2,113382
LHHPR,A0A0F0KDK2,Glutathione import ATP-binding protein GsiA,104336
LHHPR,Q2TFK2,NADH-ubiquinone oxidoreductase chain 2,288317
LHHPR,B4NBA1,Uncharacterized protein,7260
LHHPR,S6EE56,BN860_10242g1_1,1333698
LHHPR,A0A0E3Y950,FAD-dependent oxidoreductase,573737
LHHPR,W9ZJI0,Uncharacterized protein,1089452
LHHPR,A4SLZ7,Non-ribosomal peptide synthetase,382245
LHHPR,A0A0U1Z5N5,NADH-ubiquinone oxidoreductase chain 2,1075769
LHHPR,W0VXH6,Related to Protein ASI1,1355161
LHHPR,W2UNW0,Uncharacterized protein,1286632
LHHPR,Q9H273,Serologically defined breast cancer antigen NY-BR-87,9606
LHHPR,A0A0X8P1A3,FAD-dependent oxidoreductase,85698
LHHPR,A0A0Q8PN18,Uncharacterized protein,1736486
LHHPR,A0A100X890,Caib/baif family protein,59813
LHHPR,G9HTL5,NADH-ubiquinone oxidoreductase chain 2,95114
LHHPR,A0A0D2YK01,Uncharacterized protein,426428
LHHPR,R7V1F5,60S ribosomal protein L18a,283909
LHHPR,G3CEF4,NADH-ubiquinone oxidoreductase chain 2,324344
LHHPR,S4XJT0,Phosphoribosylformylglycinamidine synthase subunit PurL,1254432
LHHPR,A0A0M0JV54,Uncharacterized protein,1460289
LHHPR,A0A0F3LWN3,Cell division protein,1628190
LHHPR,F8G1L7,Fumarate reductase/succinate dehydrogenase flavoprotein domain-containing protein,1042876
LHHPR,Q2TFJ8,NADH-ubiquinone oxidoreductase chain 2,324336
LHHPR,X0LKP3,Uncharacterized protein,1089449
LHHPR,F0YCQ8,Expressed protein,44056
LHHPR,A5YJR4,NADH-ubiquinone oxidoreductase chain 2,95112
LHHPR,Q2TFG4,NADH-ubiquinone oxidoreductase chain 2,324339
LHHPR,E0XKC5,NADH-ubiquinone oxidoreductase chain 2,137245
LHHPR,W9JV99,Uncharacterized protein,660027
LHHPR,K9ZJJ2,Succinoglycan biosynthesis ketolase,272123
LHHPR,A0A024B7H1,NADH-ubiquinone oxidoreductase chain 2,1495448
LHHPR,S5G271,NADH-ubiquinone oxidoreductase chain 2,747215
LHHPR,Q2TFJ2,NADH-ubiquinone oxidoreductase chain 2,113391
LHHPR,A7T2L3,Predicted protein,45351
LHHPR,M9NX87,NADH-ubiquinone oxidoreductase chain 2,288315
LHHPR,Q53BC5,NADH-ubiquinone oxidoreductase chain 2,288315
LHHPR,G9HTN1,NADH-ubiquinone oxidoreductase chain 2,747215
LHHPR,Q2TF58,NADH-ubiquinone oxidoreductase chain 2,324332
LHHPR,T1EF01,60S ribosomal protein L18a,6412
LHHPR,Q53BC4,NADH-ubiquinone oxidoreductase chain 2,156988
LHHPR,A9QGM7,NADH-ubiquinone oxidoreductase chain 2,475060
LHHPR,B8PKL3,Predicted protein,561896
LHHPR,A0A0B1R8J4,Cell division protein,1076549
LHHPR,K9JYW3,NADH-ubiquinone oxidoreductase chain 2,1005956
LHHPR,E6QGA3,Uncharacterized protein,410659
LHHPR,S5G0K1,NADH-ubiquinone oxidoreductase chain 2,747216
LHHPR,X0BV60,Uncharacterized protein,1089458
LHHPR,A0A0P9CQG9,Uncharacterized protein,186479
LHHPR,A0A0U4WM48,Acetylpolyamine aminohydrolase,47885
LHHPR,A0A0E3DEN4,NADH-ubiquinone oxidoreductase chain 2,1248183
LHHPR,A0A0A9K4A5,Uncharacterized protein,35708
LHHPR,A0A0G4LPU1,Uncharacterized protein,100787
LHHPR,W9HJF3,Uncharacterized protein,909455
LHHPR,S5G257,NADH-ubiquinone oxidoreductase chain 2,747215
LHHPR,S5G9P7,NADH-ubiquinone oxidoreductase chain 2,747215
LHHPR,S5G2A0,NADH-ubiquinone oxidoreductase chain 2,747215
LHHPR,L5L8X3,Zinc finger protein 642,9402
LHHPR,Q2KWN8,Putative capsular polysaccharide biosynthesis oxidoreductase,360910
LHHPR,Q2TFD2,NADH-ubiquinone oxidoreductase chain 2,156988
LHHPR,A0A0P6GNS8,Uncharacterized protein,35525
LHHPR,M9NXT6,NADH-ubiquinone oxidoreductase chain 2,288315
LHHPR,Q2TF37,NADH-ubiquinone oxidoreductase chain 2,307977
LHHPR,W0VX94,Serine/threonine-protein kinase RAD53,1355161
LHHPR,V5F9P5,"Flavin-binding monooxygenase, putative",1356009
LHHPR,B7J3Y4,Uncharacterized protein,243159
LHHPR,A0A0N4VYT0,Uncharacterized protein,6290
LHHPR,H6R4G9,Uncharacterized protein,1127134
LHHPR,A0A0N4Z9Q0,Uncharacterized protein,131310
LHHPR,M1B4Z4,Uncharacterized protein,4113
LHHPR,Q2TFG2,NADH-ubiquinone oxidoreductase chain 2,284022
LHHPR,A0A0A8BCL3,FAD-dependent oxidoreductase,93222
LHHPR,A0A100WR74,Mycothiol maleylpyruvate isomerase N-terminal domain protein,144550
LHHPR,A0A0M7G7Y5,Choline dehydrogenase,134375
LHHPR,B8M5P9,"Telomere and ribosome associated protein Stm1, putative",441959
LHHPR,A0A0B5EEB0,NADH-ubiquinone oxidoreductase chain 2,156988
LHHPR,A0A0K6L2U1,Glycogen synthase,1423
LHHPR,L0WH47,Uncharacterized protein,1177179
LHHPR,A0A0S4J8N6,Uncharacterized protein,75058
LHHPR,I2G0M3,Uncharacterized protein,1128400
LHHPR,A0A0H2M610,Secreted effector protein pipB2,34073
LHHPR,A0A0E0ELF0,Uncharacterized protein,40149
LHHPR,S5G332,NADH-ubiquinone oxidoreductase chain 2,747215
LHHPR,K1PV74,Calpain-15,29159
LHHPR,F4JAY1,U3snoRNP10 and NUC211 domain-containing protein,3702
LHHPR,F9FW36,Uncharacterized protein,660025
LHHPR,A9QGM8,NADH-ubiquinone oxidoreductase chain 2,475060
LHHPR,C5P3Q7,Helicase associated domain family protein,222929
LHHPR,A9QGH0,NADH-ubiquinone oxidoreductase chain 2,475056
LHHPR,A0A0E9Q768,Uncharacterized protein,7936
LHHPR,H0VIB9,Uncharacterized protein,10141
LHHPR,N1MJ75,Uncharacterized protein,1301087
LHHPR,S5G396,NADH-ubiquinone oxidoreductase chain 2,747216
LHHPR,G8DCJ4,NADH-ubiquinone oxidoreductase chain 2,458125
LHHPR,D2DGE5,NADH-ubiquinone oxidoreductase chain 2,581055
LHHPR,G6DPC6,Kinesin-like protein b,13037
LHHPR,S5G9Q1,NADH-ubiquinone oxidoreductase chain 2,747215
LHHPR,S5G339,NADH-ubiquinone oxidoreductase chain 2,747215
LHHPR,A0A0C2KN84,Uncharacterized protein,1245935
LHHPR,W9NW14,Uncharacterized protein,1080344
LHHPR,Q2TFE4,NADH-ubiquinone oxidoreductase chain 2,288315
LHHPR,Q53BC8,NADH-ubiquinone oxidoreductase chain 2,288317
LHHPR,S5G0G1,NADH-ubiquinone oxidoreductase chain 2,747215
LHHPR,A2SXA1,NADH dehydrogenase subunit 2,369611
LHHPR,L8YGM7,Tonsoku-like protein,246437
LHHPR,B4HLG3,GM24270,7238
LHHPR,I3S7B0,60S ribosomal protein L18a,34305
LHHPR,G4NPV1,YqgM,1052585
LHHPR,A0A0W0BFJ3,Peptide synthetase,645
LHHPR,A0A024UXE6,Uncharacterized protein,157072
LHHPR,A0A093GJN3,Uncharacterized protein,118200
LHHPR,D3K8Z0,NADH-ubiquinone oxidoreductase chain 2,412855
LHHPR,M1B9F0,Uncharacterized protein,4113
LHHPR,A0A089Y8V8,Uncharacterized protein,157783
LHHPR,A0A0C1I9B4,3-oxosteroid 1-dehydrogenase,1586081
LHHPR,R5AGJ9,Putative nucleic-acid-binding protein containing a Zn-ribbon,1262770
LHHPR,A0A0P7B376,Uncharacterized protein,78410
LHHPR,N1S4L8,Uncharacterized protein,1229665
LHHPR,A0A136JJC4,Uncharacterized protein,196109
LHHPR,S5G0B5,NADH-ubiquinone oxidoreductase chain 2,747215
LHHPR,S5G342,NADH-ubiquinone oxidoreductase chain 2,747215
LHHPR,B6RDT5,NADH-ubiquinone oxidoreductase chain 2,401539
LHHPR,Q6QE72,Putative beta-carotene hydroxylase,3711
LHHPR,S5G9V7,NADH-ubiquinone oxidoreductase chain 2,747216
LHHPR,S5G2I1,NADH-ubiquinone oxidoreductase chain 2,747216
LHHPR,A2SX98,NADH-ubiquinone oxidoreductase chain 2,369610
LHHPR,A0A0C7MSB8,Serine/threonine-protein kinase RAD53,1245769
LHHPR,Q1WMD1,NADH-ubiquinone oxidoreductase chain 2,342348
LHHPR,A0A096SN33,Uncharacterized protein,4577
LHHPR,A0A011P323,Penicillin-binding protein F,1454003
LHHPR,I9W676,Uncharacterized protein,795666
LHHPR,E8V0C5,Tyrosine recombinase XerC,401053
LHHPR,A0A0I9XF64,Uncharacterized protein,5127
LHHPR,E9D725,Putative uncharacterized protein,443226
LHHPR,L0FJF5,Uncharacterized protein,1215088
LHHPR,Q6UJL0,NADH-ubiquinone oxidoreductase chain 2,95112
LHHPR,I3N0Q2,Uncharacterized protein,43179
LHHPR,Q94ST4,NADH-ubiquinone oxidoreductase chain 2,143336
LHHPR,S5G0C1,NADH-ubiquinone oxidoreductase chain 2,747215
LHHPR,A7BHR2,NADH-ubiquinone oxidoreductase chain 2,270527
LHHPR,K1JNV9,Amino acid adenylation domain-containing protein,1073377
LHHPR,A0A0C5KGN2,FAD-dependent oxidoreductase,656178
SLYMAK,A0A0R1ZPQ3,DNA repair protein RecN,1291052
SLYMAK,A0A0X3TJQ3,Diguanylate cyclase,1775636
SLYMAK,A0A0L0C4S2,Cadherin-related tumor suppressor,7375
SLYMAK,H6NKT5,Uncharacterized protein,1116391
SLYMAK,F8FIS0,Uncharacterized protein,1036673
SLYMAK,L8GNB4,Uncharacterized protein,1257118
SLYMAK,I0BT41,Uncharacterized protein,997761
MAPVTHR,A4X5F9,Uncharacterized protein,369723
MAPVTHR,K9H2A0,Uncharacterized protein,1238182
YLGDAFR,A0A0N4U4T3,Uncharacterized protein,318479
GAWFPR,V9KVC2,HIV Tat-specific factor 1-like protein,7868
GAWFPR,A0A140SKT6,Uncharacterized protein,287
GAWFPR,A0A104JKD5,Uncharacterized protein,28095
GAWFPR,L5MCE5,Uncharacterized protein,225400
GAWFPR,A0A0N9I934,Aminotransferase class IV,860235
GAWFPR,V9KZG7,HIV Tat-specific factor 1-like protein,7868
GAWFPR,A0A0B0MG01,Xyloglucan endotransglucosylase/hydrolase,29729
AAFPK,Q87EA7,UDP-N-acetylmuramoylalanine--D-glutamate ligase,183190
AAFPK,B8DW43,Translation initiation factor IF-2,442563
AAFPK,Q75I94,Beta-glucosidase 8,39947
AAFPK,Q75I93,Beta-glucosidase 7,39947
AAFPK,Q02028,"Stromal 70 kDa heat shock-related protein, chloroplastic",3888
AAFPK,A6N3Q4,Dual specificity protein phosphatase CDC14C,9590
AAFPK,Q9PEB0,UDP-N-acetylmuramoylalanine--D-glutamate ligase,160492
AAFPK,H3B9R8,Uncharacterized protein,7897
AAFPK,A0A087P325,Ribonuclease P protein component,60550
AAFPK,A0A0W0A8Y8,Delta-aminolevulinic acid dehydratase,207340
AAFPK,A0A0R3U2J5,Uncharacterized protein,53468
AAFPK,A4YL34,"Putative ABC transporter, ATP-binding protein",114615
AAFPK,A0A0K0TXJ0,Aldehyde dehydrogenase B,1643450
AAFPK,F7C1Q1,Uncharacterized protein,8364
AAFPK,A0A090KIF8,Uncultured bacterium genome assembly Metasoil_fosmids_resub,77133
AAFPK,D8G6H8,Transposase,272129
AAFPK,A0A0Q4PJW5,Sorbosone dehydrogenase,1736227
AAFPK,A0A088UD59,Uncharacterized protein,95486
AAFPK,A0A124HDG1,Uncharacterized protein,67285
AAFPK,A6VUC1,Uncharacterized protein,400668
AAFPK,E7H2G5,DNA helicase restriction enzyme Type III R subunit,742821
AAFPK,J9FEG6,ATP binding protein,749906
AAFPK,T0XVJ4,Transposase IS4 family protein,410659
AAFPK,A0A0Q7KVS4,2-hydroxymuconic semialdehyde dehydrogenase,1736541
AAFPK,R9NYX7,Uncharacterized protein,1305764
AAFPK,A0A0E0P049,Uncharacterized protein,4529
AAFPK,A0A0D8LIQ7,HuvX protein,85581
AAFPK,A0A0E0KHY3,Uncharacterized protein,4537
AAFPK,S0E045,Probable homoaconitase,1279085
AAFPK,A0A0F4KML4,Uncharacterized protein,1609134
AAFPK,A0A031I8E3,Taurine dioxygenase,1468410
AAFPK,A0A0M2MKJ1,Transposase,1428626
AAFPK,M8DIP5,Putative ATPase,1198630
AAFPK,A0A0M7FXQ2,Ribosome maturation factor RimM,134375
AAFPK,A0A0C3F0C5,Uncharacterized protein,765440
AAFPK,A0A0A1HTT7,VgrG protein,984195
AAFPK,A0A0J5KYU9,Betaine-aldehyde dehydrogenase,61647
AAFPK,E2PB01,S41 family carboxy-terminal peptidase,669262
AAFPK,A0A0C6F7X0,CaiC protein,270351
AAFPK,A0A0J1CR22,Ribonuclease P protein component,908627
AAFPK,A0A093GX84,Protein VPRBP,37040
AAFPK,A0A0Q5GSG2,MBL fold metallo-hydrolase,1736270
AAFPK,A0A085AB72,5-carboxymethyl-2-hydroxymuconate semialdehyde dehydrogenase,1005994
AAFPK,G3UXC7,Protein Adamtsl3,10090
AAFPK,A0A0C3MYD5,StbA family protein,1572758
AAFPK,A0A0L6T9Z0,Betaine-aldehyde dehydrogenase,1686064
AAFPK,A0A0C2CWE5,Uncharacterized protein,215803
AAFPK,A0A077JI55,Putative methyltransferase/helicase,1523023
AAFPK,M2Q4Z8,Uncharacterized protein,999415
AAFPK,S2XXG8,Methylmalonate-semialdehyde dehydrogenase (Acylating),883100
AAFPK,U4QD08,Periplasmic alpha-galactoside-binding protein,424182
AAFPK,F8MQ60,Uncharacterized protein,510951
AAFPK,A0A090DM12,Uncharacterized protein,1505932
AAFPK,A0A107JXC7,2-hydroxymuconic semialdehyde dehydrogenase,101571
AAFPK,A0A103RIZ7,2-hydroxymuconic semialdehyde dehydrogenase,101571
AAFPK,A0A0D7A9Z4,Inosine-5'-monophosphate dehydrogenase,1128425
AAFPK,A0A0Q6U1G9,Uncharacterized protein,1736519
AAFPK,A0A0M3AJ07,Aldehyde dehydrogenase,56193
AAFPK,H1SI29,5-carboxymethyl-2-hydroxymuconate semialdehyde dehydrogenase,1127483
AAFPK,K9XYE6,Uncharacterized protein,111780
AAFPK,G1WX88,Uncharacterized protein,742765
AAFPK,U3K2R6,Uncharacterized protein,59894
AAFPK,A0A086H1Q6,Uncharacterized protein,1930
AAFPK,A0A104NL64,Cytosine methyltransferase,60550
AAFPK,W6LQ86,Transcriptional regulator cysteine biosynthesis (LysR family),1400861
AAFPK,A0A0E0P047,Uncharacterized protein,4529
AAFPK,A0A0K1NBA4,DNA mismatch repair protein MutL,1658672
AAFPK,A0A127VRL0,DEAD/DEAH box helicase,47715
AAFPK,A0A0P9DTH2,Aldehyde dehydrogenase,186479
AAFPK,T0QFJ3,5-carboxymethyl-2-hydroxymuconate semialdehyde dehydrogenase,1221520
AAFPK,A0A060VQW1,Uncharacterized protein,8022
AAFPK,A0A095HCZ8,Hydantoinase B/oxoprolinase family protein,28095
AAFPK,A0A0D2S1M5,Uncharacterized protein,29730
AAFPK,A0A0W0HXT0,Uncharacterized protein,1198309
AAFPK,A8G4Q3,Methylase involved in ubiquinone/menaquinone biosynthesis,93060
AAFPK,A0A0A8F1G7,Uncharacterized protein,1262452
AAFPK,A0A0X3RWV0,Uncharacterized protein,1609098
AAFPK,A0A0Q7ASD6,2-hydroxymuconic semialdehyde dehydrogenase,1736528
AAFPK,A0A0L8FXZ3,Uncharacterized protein,37653
AAFPK,A0A0G4M5V3,Uncharacterized protein,100787
AAFPK,T0QDK6,Serine/threonine protein kinase,1156394
AAFPK,A0A0F5K0B8,Methylmalonate-semialdehyde dehydrogenase,28092
AAFPK,A0A091G3V0,Protein VPRBP,55661
AAFPK,A0A0J7Y8U6,Cytochrome C peroxidase,1114963
AAFPK,G5JER3,Transposase,423471
AAFPK,W8C110,Retrovirus-related Pol polyprotein from transposon TNT 1-94,7213
AAFPK,A0A0R2YEF6,Betaine-aldehyde dehydrogenase,75588
AAFPK,A0A132EN90,ATPase,1207504
AAFPK,Q746X3,Bifunctional protein PutA,243231
AAFPK,F4QLH3,Uncharacterized protein,715226
AAFPK,A0A0Q5VKZ3,Phosphoglucosamine mutase,1736353
AAFPK,A0A058Z154,Uncharacterized protein,691883
AAFPK,A0A0J6QQS7,Fatty acid--CoA ligase,427683
AAFPK,E0VJD4,Putative uncharacterized protein,121224
AAFPK,F1LF42,Protein FAM76A,6253
AAFPK,A0A031HJR4,"Pyridoxal-dependent decarboxylase, pyridoxal binding domain protein",1470591
AAFPK,A0A0U5MGL9,ADP-heptose:LPS heptosyltransferase,1663591
AAFPK,R4Z3X8,Uncharacterized protein,1229780
AAFPK,A0A0Q8YSE8,2-hydroxymuconic semialdehyde dehydrogenase,1736604
AAFPK,W7D9W4,o-succinylbenzoate synthase,1265816
AAFPK,A0A106Q9U7,2-hydroxymuconic semialdehyde dehydrogenase,101571
AAFPK,J3GX81,Uncharacterized protein,1144335
AAFPK,D6MSU6,SsfM4,746675
AAFPK,A0A099KUU5,Type II secretion system protein L,28229
AAFPK,A0A0G9NC29,Uncharacterized protein,1656220
AAFPK,A0A137QLJ1,Uncharacterized protein,1714833
AAFPK,A0A0D0XH21,"Unplaced genomic scaffold supercont1.2, whole genome shotgun sequence",1296111
AAFPK,A0A126QP39,Radical SAM protein,1716143
AAFPK,A0A072Q3H7,2-dehydropantoate 2-reductase,1182545
AAFPK,A0A0F0L0Z5,Uncharacterized protein,582680
AAFPK,A0A0X8X2G4,Acyl-CoA dehydrogenase,1550579
AAFPK,A0A0Q6TKP9,LysR family transcriptional regulator,1736517
AAFPK,A0A094FNB5,Uncharacterized protein,1420909
AAFPK,A0A0E0P051,Uncharacterized protein,4529
AAFPK,A0A132AGT9,Transcription initiation factor TFIID subunit 11-like protein,52283
AAFPK,W3V3T8,5-carboxymethyl-2-hydroxymuconate semialdehyde dehydrogenase,1004151
AAFPK,A0A0W8G986,Proline dehydrogenase (Proline oxidase) / delta-1-pyrroline-5-carboxylate dehydrogenase,938273
AAFPK,S4NIZ3,Homoserine kinase,1423780
AAFPK,Q8A569,Uncharacterized protein,226186
AAFPK,O85973,Benzaldehyde dehydrogenase,48935
AAFPK,S4YDN8,Betaine-aldehyde dehydrogenase,1348660
AAFPK,A0A094BVE2,Uncharacterized protein,1420907
AAFPK,A0A0X3RGG6,Uncharacterized protein,132474
AAFPK,U4KTU2,Similar to L-xylulose reductase acc. no. Q8NK50,1076935
AAFPK,A0A132B6B3,Uncharacterized protein,149040
AAFPK,A0A0S7APT4,Peptidyl-prolyl cis-trans isomerase,1297799
AAFPK,T0PLP4,Uncharacterized protein,1156394
AAFPK,A0A093RVC2,Protein VPRBP,328815
AAFPK,A0A0B8N1G5,Uncharacterized protein,1472165
AAFPK,A1W6B8,Plasmid segregation actin-type ATPase ParM,232721
AAFPK,A0A0K0DNV1,Uncharacterized protein,6313
AAFPK,A0A0W0N041,2-hydroxymuconic semialdehyde dehydrogenase,1208102
AAFPK,I5D1C5,Methylmalonate-semialdehyde dehydrogenase,1171375
AAFPK,A0A0P8CG58,Transposase,1719120
AAFPK,A0A0C9Z1J0,"Unplaced genomic scaffold scaffold_87, whole genome shotgun sequence",765257
AAFPK,A0A0Q6UQB8,Uncharacterized protein,1736520
AAFPK,K4A9Q2,Uncharacterized protein,4555
AAFPK,A0A0D6MND9,Uncharacterized protein,1231623
AAFPK,A0A103K2R1,Ribonuclease P protein component,488731
AAFPK,A4JNA7,5-carboxymethyl-2-hydroxymuconate semialdehyde dehydrogenase,269482
AAFPK,A0A120G599,NAD/NADP-dependent betaine aldehyde dehydrogenase,294
AAFPK,S4PC79,Transcription initiation factor TFIID subunit 11,116150
AAFPK,A0A0E3GQW5,Pyruvate phosphate dikinase PEP/pyruvate-binding,1548
AAFPK,A0A0S2Z313,CRAL-TRIO domain-containing protein,7130
AAFPK,A0A0M1HT58,Phage tail length tape measure protein,1661746
AAFPK,A0A107EMH8,2-hydroxymuconic semialdehyde dehydrogenase,101571
AAFPK,A0A108BKB9,2-hydroxymuconic semialdehyde dehydrogenase,101571
AAFPK,A0A104RCY5,2-hydroxymuconic semialdehyde dehydrogenase,101571
AAFPK,A0A069CWC8,Uncharacterized protein,1329250
AAFPK,I1PES8,Uncharacterized protein,4538
AAFPK,H2LN93,Uncharacterized protein,8090
AAFPK,I1PEQ4,Uncharacterized protein,4538
AAFPK,A0A094D7L4,Uncharacterized protein,1420910
AAFPK,A0A011QM14,CRISPR-associated endonuclease/helicase Cas3,1454004
AAFPK,Q0B9G4,5-carboxymethyl-2-hydroxymuconate semialdehyde dehydrogenase,339670
AAFPK,L8EVW2,Uncharacterized protein,1265868
AAFPK,R1GYQ6,Putative heme iron utilization protein,1056512
AAFPK,A0A0K8P5K4,Alkanesulfonate utilization operon LysR-family regulator CbI,1547922
AAFPK,B3G2N1,SNF2 family-related helicase,287
AAFPK,E4NCG6,Uncharacterized protein,452652
AAFPK,A0A0A8XA26,Aldehyde dehydrogenase,1054037
AAFPK,A0A0D2TN25,Uncharacterized protein,29730
AAFPK,T1E7R4,Putative sg1d-like salivary protein,42839
AAFPK,A0A0B0SFX1,Cytochrome C,1577051
AAFPK,A0A0D0XW03,"Unplaced genomic scaffold supercont1.1, whole genome shotgun sequence",1296107
AAFPK,A0A080NJP4,Putative alkylsulfatase,80866
AAFPK,A0A091WGG3,Protein VPRBP,30419
AAFPK,U1XXM7,Ribosome maturation factor RimM,1386079
AAFPK,D9D9L7,Proline-alanine-rich protein,862943
AAFPK,D7CDD5,Uncharacterized protein,749414
AAFPK,W5N2I6,Uncharacterized protein,7918
AAFPK,K1KV11,Uncharacterized protein,1225176
AAFPK,A0A098VQH4,Putative programmed cell death protein,1485682
AAFPK,V5E000,Uncharacterized protein,1116472
AAFPK,U2FS93,Ribonuclease P protein component,1335308
AAFPK,A0A0W1DV36,Uncharacterized protein,1759072
AAFPK,A0A127U2Q4,MBL fold metallo-hydrolase,305
AAFPK,C0Z702,Putative uncharacterized protein,358681
AAFPK,A0A0K8TKC2,Putative transcription initiation factor tfiid subunit 11,304241
AAFPK,A0A108C326,Ribonuclease P protein component,101571
AAFPK,A0A104TG58,2-hydroxymuconic semialdehyde dehydrogenase,101571
AAFPK,A0A011P4R0,Plasmid segregation protein ParM,1454003
AAFPK,B0WET7,Transcription initiation factor TFIID subunit 11,7176
AAFPK,C4L469,Dephospho-CoA kinase,360911
AAFPK,Q11LK8,Aldehyde dehydrogenase,266779
AAFPK,A0A075MVW0,Uncharacterized protein,1459636
AAFPK,K2DEW5,Uncharacterized protein,717931
AAFPK,A0A0A2AB44,SAM-dependent methyltransferase,93057
AAFPK,Q0BAQ0,Ribonuclease P protein component,339670
AAFPK,A0A0A0EIR4,AMP-binding protein,1461694
AAFPK,A0A108FWZ0,Ribonuclease P protein component,1503054
AAFPK,A0A0E0P048,Uncharacterized protein,4529
AAFPK,F6IHM6,Aldehyde dehydrogenase (Acceptor),702113
AAFPK,A0A0E0P050,Uncharacterized protein,4529
AAFPK,A4H674,Uncharacterized protein,5660
AAFPK,A0A0W8FNF1,Benzoyl-coa reductase subunit badd,938273
AAFPK,A0A0X7A9Q8,Periplasmic alpha-galactoside-binding protein,1336743
AAFPK,A0A0P4RBZ9,Putative transposase,1546107
AAFPK,A0A0A2B2S8,SAM-dependent methyltransferase,167551
AAFPK,Q4QHC8,Uncharacterized protein,5664
AAFPK,S2WV21,PRTRC system protein D,883101
AAFPK,A9PEY6,Putative uncharacterized protein,3694
AAFPK,F3Z0N8,Bifunctional protein PutA,690850
AAFPK,A0A0M7PT39,RNA polymerase-associated protein rapA,134375
AAFPK,A0A078JSW8,BnaCnng69370D protein,3708
AAFPK,J3GER9,Adenosylmethionine-8-amino-7-oxononanoate aminotransferase,1144331
AAFPK,A0A0K0H9B9,5-carboxymethyl-2-hydroxymuconate semialdehyde dehydrogenase,218493
AAFPK,A0A0M3G4Z4,Carboxy-terminal protease,726
AAFPK,A0A0N4YIL6,Uncharacterized protein,27835
AAFPK,A0A0P0A9F4,Transcriptional regulator,1397108
AAFPK,A0A0D2IGH0,Uncharacterized protein,1296104
AAFPK,K0P5Q3,"UDP-N-acetylmuramoylalanyl-D-glutamate--2,6-diaminopimelate ligase",1231626
AAFPK,A0A0G8KR06,Beta-lactamase,90270
AAFPK,I1HMH8,Uncharacterized protein,15368
AAFPK,F2UB91,Putative uncharacterized protein,946362
AAFPK,A0A0M5KNF7,"Superfamily II DNA/RNA helicase, SNF2 family",1267562
AAFPK,U1LRW7,Protein fam76a,6253
AAFPK,I4D1X4,Alanine racemase,646529
AAFPK,H9J3Y5,GMP reductase,7091
AAFPK,A0A085H1Q5,DNA-binding capsular synthesis response regulator,910996
AAFPK,G4N179,FAD-dependent oxidoreductase,242507
AAFPK,A0A106IJ25,2-hydroxymuconic semialdehyde dehydrogenase,101571
AAFPK,Q3M1C6,Transposase,240292
AAFPK,A0A086YF71,Polyhydroxyalkanoate synthesis repressor PhaR,366616
AAFPK,D8G5P0,Transposase,272129
AAFPK,S6BC10,Molybdopterin-guanine dinucleotide biosynthesis protein B,1248727
AAFPK,A0A0A1FJ97,General secretion pathway protein L,279058
AAFPK,Q8XY53,Probable transmembrane protein,267608
AAFPK,D3T7N7,Uncharacterized protein,580331
AAFPK,A0A104MRC4,Ribonuclease P protein component,60550
AAFPK,A0A0J0UKS5,Helicase SNF2,680496
AAFPK,G3W9Y8,Uncharacterized protein,9305
AAFPK,X1D4D6,Uncharacterized protein,412755
AAFPK,A0A067BR47,TKL protein kinase,695850
AAFPK,R5B7U5,Beta-lactamase-like protein,1262781
AAFPK,A0A067TWN6,Uncharacterized protein,685588
AAFPK,R6UQC2,Uncharacterized protein,1262910
AAFPK,A8NQD0,614/534 cytochrome P450,240176
AAFPK,A0A0U4D522,Ribonuclease P protein component,1395570
AAFPK,A0A0G4MKH8,Uncharacterized protein,100787
AAFPK,R7KPD8,Uncharacterized protein,1263054
AAFPK,A0A0D0XTR4,"Unplaced genomic scaffold supercont2.1, whole genome shotgun sequence",1296105
AAFPK,A0A101E9K8,Uncharacterized protein,1635275
AAFPK,W8C8N7,Retrovirus-related Pol polyprotein from transposon TNT 1-94,7213
AAFPK,A0A097R7D2,LuxR family transcriptional regulator,1453496
AAFPK,A0A0N1NY00,Uncharacterized protein,1664694
AAFPK,A2BR12,SAM (And some other nucleotide) binding motif:Generic methyl-transferase,146891
AAFPK,A0A0D3FMY4,Uncharacterized protein,65489
AAFPK,A0A0D0HAF0,"Contig88, whole genome shotgun sequence",1602171
AAFPK,A0A071M6N9,Ribonuclease P protein component,95486
AAFPK,H0Z375,Uncharacterized protein,59729
AAFPK,D7ATW5,Uncharacterized protein,583358
AAFPK,A0A0N0IGP2,Methylmalonate-semialdehyde dehydrogenase,1682204
AAFPK,V7ZAC3,Metallo-beta-lactamase superfamily protein,863365
AAFPK,A4JJ48,Ribonuclease P protein component,269482
AAFPK,A0A0X8SHJ0,2-hydroxymuconic semialdehyde dehydrogenase,614
AAFPK,A0A0D8DQJ0,Ribonuclease P protein component,1571773
AAFPK,A0A0E3U6F0,LysR family transcriptional regulator,573737
AAFPK,A0A0D5J2E0,Ribonuclease P protein component,350701
AAFPK,A0A117DSP7,Beta-lactamase domain-containing protein,1218247
AAFPK,W5KVR9,Uncharacterized protein,7994
AAFPK,A0A0L8EUM5,Helicase SNF2,1688405
AAFPK,A0A083ZM57,Periplasmic alpha-galactoside-binding protein,358
AAFPK,A0A067QLP7,MAK16-like protein B,136037
AAFPK,A0A0M9A5T0,Transcription initiation factor TFIID subunit 11,166423
AAFPK,A0A109C6T8,Alpha-galactoside-binding protein,1183423
AAFPK,F4G934,PRTRC system protein D,596154
AAFPK,A0A085H736,5-carboxymethyl-2-hydroxymuconate semialdehyde dehydrogenase,911008
AAFPK,C6W2S9,Inosine-5'-monophosphate dehydrogenase,471854
AAFPK,A0A058ZKI6,AMP-binding domain protein,1461693
AAFPK,A0A0V0INR9,Putative O-fucosyltransferase family protein-like,4108
AAFPK,E5R1T8,Putative uncharacterized protein,535722
AAFPK,A0A0J5VI35,Ribonuclease P protein component,482957
AAFPK,A0A0M2NA40,LuxR family transcriptional regulator,569
AAFPK,R6TDR5,Uncharacterized protein,1263015
AAFPK,A0A0F7LLH1,Betaine-aldehyde dehydrogenase,230089
AAFPK,A0A0D2VMA8,Uncharacterized protein,1385368
AAFPK,A0A062VKC1,Cysteine synthase/cystathionine beta-synthase family protein,1280954
AAFPK,A0A0G2EMH1,Putative ubiquitin ligase subunit,420778
AAFPK,V4PTX6,Uncharacterized protein,1282360
AAFPK,M4MH96,Alpha/beta hydrolase fold protein,1286640
AAFPK,W5JQ86,Uncharacterized protein,43151
AAFPK,A0A0C6P476,5-carboxymethyl-2-hydroxymuconate semialdehyde dehydrogenase,568707
AAFPK,A0A109KYY8,NAD/NADP-dependent betaine aldehyde dehydrogenase,294
AAFPK,A0A0D0RQ73,BetB_2 protein,294
AAFPK,A0A127N735,5-carboxymethyl-2-hydroxymuconate semialdehyde dehydrogenase,82983
AAFPK,W6LCA2,Uncharacterized protein,134013
AAFPK,J3LRZ0,Uncharacterized protein,4533
AAFPK,A0A0P7AFY9,Glutaryl-CoA dehydrogenase,1300341
AAFPK,B9B0B2,Uncharacterized protein,513051
AAFPK,A0A093HNV5,Protein VPRBP,441894
AAFPK,H9JH96,Uncharacterized protein,7091
AAFPK,A0A0S8CI58,Uncharacterized protein,1703394
AAFPK,A0A0Q7W8L6,Acyl-CoA synthetase,1736555
AAFPK,A0A102LKV2,2-hydroxymuconic semialdehyde dehydrogenase,101571
AAFPK,E2BLP6,Transcription initiation factor TFIID subunit 11,610380
AAFPK,N1V6C1,Uncharacterized protein,1246476
AAFPK,A0A094GL24,Uncharacterized protein,1420914
AAFPK,A0A093P041,Protein VPRBP,9238
AAFPK,A0A0J9T9X7,Uncharacterized protein,1035515
AAFPK,A0A0Q9LZW8,Aldehyde dehydrogenase,1736397
AAFPK,L8P281,Uncharacterized protein,1160705
AAFPK,A0A103FFL4,Aldehyde dehydrogenase,60552
AAFPK,F1W4W7,Putative membrane-anchored cell surface protein,937450
AAFPK,A0A0P1FY60,DNA polymerase III subunit tau,340021
AAFPK,S9YGW8,Carboxy-terminal protease,1329905
AAFPK,W6LRA2,Uncharacterized protein,1400861
AAFPK,A0A0K9H647,LysR family transcriptional regulator,1679168
AAFPK,A0A0M2EDX4,Uncharacterized protein,561879
AAFPK,K2IKW8,Fis family transcriptional regulator,1208323
AAFPK,A0A0E4BW37,Uncharacterized protein,1355477
AAFPK,Q7US14,D-arabino 3-hexulose 6-phosphate formaldehyde lyase (Hps-1),243090
AAFPK,A0A0A8RK54,ATP-dependent helicase HepA,287
AAFPK,S2WAH8,Methylmalonate-semialdehyde dehydrogenase (Acylating),883101
AAFPK,A0A0S7LWB3,MCLN2,188132
AAFPK,B8MPH2,Uncharacterized protein,441959
AAFPK,I1HCJ2,Uncharacterized protein,15368
AAFPK,A0A132EFF4,Ribonuclease P protein component,1207504
AAFPK,A0A109B843,5-carboxymethyl-2-hydroxymuconate semialdehyde dehydrogenase,207745
AAFPK,A0A0S8BCU4,Aldehyde dehydrogenase,1703390
AAFPK,Q1SKX2,Uncharacterized protein,3880
AAFPK,A0A0J5XDA9,Ribonuclease P protein component,292
AAFPK,A0A087QIW5,Protein VPRBP,9233
AAFPK,A0A016SUT1,Uncharacterized protein,53326
AAFPK,A0A0X2NT61,NAD/NADP-dependent betaine aldehyde dehydrogenase,613
AAFPK,A0A091P7E5,Protein VPRBP,8969
AAFPK,M5WX90,Uncharacterized protein,3760
AAFPK,A0A0H1BSE4,Uncharacterized protein,1246674
AAFPK,A0A0J8D3H9,Uncharacterized protein,3555
AAFPK,A0A103QU76,Cytosine methyltransferase,101571
AAFPK,A0A087B6L1,Branched-chain amino acid transporter,1150460
AAFPK,A0A0B5BTZ7,Tail-specific protease,1222034
AAFPK,A0A037ULH7,Transketolase,570509
AAFPK,A0A0B1RMR8,Uncharacterized protein,713612
AAFPK,A0A0L8MMX3,Uncharacterized protein,35619
AAFPK,A0A0D5N692,Bifunctional protein PutA,35554
AAFPK,E7H2J6,Uncharacterized protein,742821
AAFPK,A0A0X2VS81,Betaine-aldehyde dehydrogenase,326476
AAFPK,B3RLJ9,Putative uncharacterized protein,10228
AAFPK,T1H909,Uncharacterized protein,13249
AAFPK,S5MUF7,5-carboxymethyl-2-hydroxymuconate semialdehyde dehydrogenase,1197719
AAFPK,A0A0E0P046,Uncharacterized protein,4529
AAFPK,F6IM03,Aldehyde dehydrogenase (Acceptor),702113
AAFPK,A0A0F8UN43,Uncharacterized protein,138278
AAFPK,A0A094FCM1,Uncharacterized protein,1420913
AAFPK,A0A0E0D5B7,Uncharacterized protein,40149
AAFPK,I4JL16,"Superfamily II DNA/RNA helicase, SNF2 family protein",477228
AAFPK,Q0RTE5,Uncharacterized protein,326424
AAFPK,A0A093RGY6,Protein VPRBP,9209
AAFPK,W1L4C9,Periplasmic alpha-galactoside-binding protein,1336745
AAFPK,A0A0A2WVG5,Protoporphyrinogen oxidase,276
AAFPK,A0A0X3USQ7,Transposase,1609095
AAFPK,A0A0G3XLI4,Aldehyde dehydrogenase,1348774
AAFPK,A0A0M3G9H1,Carboxy-terminal protease,726
AAFPK,A0A0D3FMY5,Uncharacterized protein,65489
AAFPK,A0A059G2U1,Aldehyde dehydrogenase,1280953
AAFPK,Q1ZSY7,Putative heme iron utilization protein,314292
AAFPK,B5X6C2,"Probable 39S ribosomal protein L24, mitochondrial",8030
AAFPK,B7R795,Uncharacterized protein,391606
AAFPK,A0A0P9HDI4,Beta-lactamase-like protein,199198
AAFPK,R6J4T3,Uncharacterized protein,1263034
AAFPK,A0A0L8NXN0,Uncharacterized protein,1894
AAFPK,A0A103U6I7,2-hydroxymuconic semialdehyde dehydrogenase,292
AAFPK,X8CH92,RNA-metabolising metallo-beta-lactamase family protein,1299334
AAFPK,A0A0D2A9S1,Uncharacterized protein,91928
AAFPK,I4L7I9,5-carboxymethyl-2-hydroxymuconate semialdehyde dehydrogenase,96901
AAFPK,L8G501,Uncharacterized protein,658429
AAFPK,A0A0D9ZC56,Uncharacterized protein,40148
AAFPK,M2ZED5,Uncharacterized protein,383855
AAFPK,A0A0T6BAL6,Uncharacterized protein,1629725
AAFPK,R6XS59,Uncharacterized protein,1262934
AAFPK,A9C243,Taurine dioxygenase,398578
AAFPK,L0NM05,Aldehyde dehydrogenase NAD-linked,1125847
AAFPK,A0A091J619,Protein VPRBP,188379
AAFPK,Q2C515,Putative heme iron utilization protein,121723
AAFPK,A0A063TX50,5-carboxymethyl-2-hydroxymuconate semialdehyde dehydrogenase,1331242
AAFPK,Q8YKP4,Alr7249 protein,103690
AAFPK,A0A0K8NUR4,Rod shape determination protein,1547922
AAFPK,G1KGY7,Uncharacterized protein,28377
AAFPK,G1V612,Uncharacterized protein,693988
AAFPK,A0A098U124,LysR family transcriptional regulator,1519190
AAFPK,K5DCF2,Bifunctional hexulose-6-phosphate synthase/ribonuclease regulator,993517
AAFPK,Q39BQ0,Ribonuclease P protein component,482957
AAFPK,Q39ND1,Transposase,482957
AAFPK,I2DRL0,Ribonuclease P protein component,416344
AAFPK,A0A0H3KB65,Ribonuclease P protein component,395019
AAFPK,A0A091LX13,Protein VPRBP,54380
AAFPK,B9BWE5,Ribonuclease P protein component,513052
AAFPK,B8AQA0,Putative uncharacterized protein,39946
AAFPK,A0A0X3AF28,Glucosamine--fructose-6-phosphate aminotransferase,1232866
AAFPK,F0C9J5,"Zn-dependent hydrolase, glyoxylase",925777
AAFPK,A0A0C9YKV3,"Unplaced genomic scaffold scaffold_149, whole genome shotgun sequence",765257
AAFPK,M7Z9G5,Uncharacterized protein,4572
AAFPK,Q16F98,AAEL014850-PA,7159
AAFPK,A0A0D2U3S1,Cullin 4,595528
AAFPK,J2HE04,Acetyl-CoA acetyltransferase,1144311
AAFPK,F7VPH0,"WGS project CABT00000000 data, contig 2.3",771870
AAFPK,A0A093YKA8,Uncharacterized protein,1391699
AAFPK,E7FTD9,DHHA1 domain protein,525362
AAFPK,H2N1R1,Uncharacterized protein,8090
AAFPK,H2L3L4,Uncharacterized protein,8090
AAFPK,A0A073IF03,Alpha-galactosidase,1300350
AAFPK,C5GJL7,Mitochondrial GTPase,559297
AAFPK,Q9Z3W8,Benzaldehyde dehydrogenase,56193
AAFPK,A0A0S2JM54,Ribosome maturation factor RimM,511
AAFPK,A0A0R1TZZ3,Uncharacterized protein,1423783
AAFPK,W6UB31,Arginase,509635
AAFPK,A0A023XCW2,Uncharacterized protein,476282
AAFPK,A0A0M2XC27,Uncharacterized protein,38301
AAFPK,A0A094DIK2,Uncharacterized protein,1420909
AAFPK,A0A093TNG4,Beta-lactamase,305
AAFPK,D3PSI2,Peptidyl-prolyl cis-trans isomerase,504728
AAFPK,A8GHP2,Uncharacterized protein,399741
AAFPK,F9Q5P4,"Peptidase, S41 family",1035188
AAFPK,A0A098RNJ8,Periplasmic alpha-galactoside-binding protein,1510041
AAFPK,R0JFI7,Protein VPRBP,8839
AAFPK,A0A0C2L972,Transposase,1233231
AAFPK,B8ENQ7,Hydroxyacylglutathione hydrolase,395965
AAFPK,G3P5U5,Uncharacterized protein,69293
AAFPK,A0A132FE19,MBL fold metallo-hydrolase,321
AAFPK,I2FG14,Uncharacterized protein,76885
AAFPK,M0TR40,Uncharacterized protein,214687
AAFPK,E3QZP1,Glycosyltransferase sugar-binding region containing DXD domain-containing protein,645133
AAFPK,A3PCT6,SAM (And some other nucleotide) binding motif:Generic methyl-transferase,167546
AAFPK,A0A0D0XIC2,"Unplaced genomic scaffold supercont1.1, whole genome shotgun sequence",1296101
AAFPK,A0A0B0DT68,Uncharacterized protein,5141
AAFPK,A0A109N223,LysR family transcriptional regulator,1478
AAFPK,A0A0S2K0E2,L-serine deaminase I,161398
AAFPK,A0A0S4QXW9,Transposase,1747450
AAFPK,M5PZF1,Bifunctional protein PutA,1262666
AAFPK,A0A0D2WSF9,Uncharacterized protein,1296108
AAFPK,A0A059W503,Transposase IS4 family protein,68570
AAFPK,F2UAF5,Aqr protein,946362
AAFPK,A0A0D6LZZ8,"Zinc finger, C4 type",53326
AAFPK,A0A103B9K3,Ribonuclease P protein component,1637859
AAFPK,A0A0K1M6L7,Beta-lactamase,195709
AAFPK,A0A0U2QKH9,Mannose-1-phosphate guanyltransferase,1526571
AAFPK,A0A0J6U0F6,Fatty acid--CoA ligase,1295136
AAFPK,D8TJS1,Putative uncharacterized protein,3068
AAFPK,A0A096PMZ3,Uncharacterized protein,4577
AAFPK,K0K276,"Transposase, IS4 family",1179773
AAFPK,L1KWP8,Uncharacterized protein,698759
AAFPK,L1KIS1,Uncharacterized protein,698759
AAFPK,A0A0F8UBQ1,Uncharacterized protein,308745
AAFPK,W9GTU3,Transposase,1385369
AAFPK,A0A125A322,ATPase,87883
AAFPK,E3BMQ7,tRNA (cytidine/uridine-2'-O-)-methyltransferase TrmJ,796620
AAFPK,A0A0U3TFN2,RNA polymerase-associated protein RapA,287
AAFPK,A0A0C1R4E4,Peptidase M16,1479485
AAFPK,K0DZI8,Uncharacterized protein,1229205
AAFPK,U3J5X1,Uncharacterized protein,8839
AAFPK,K8EJ03,Glycosyl transferase family 2,41875
AAFPK,A7TKS5,Putative uncharacterized protein,436907
AAFPK,D0MDX6,Uncharacterized protein,518766
AAFPK,A0A0L8FLN8,Uncharacterized protein,37653
AAFPK,S3MF13,Metallo-beta-lactamase superfamily protein,1262350
AAFPK,A0A084D6E1,Ribonuclease P protein component,1506588
AAFPK,A0A0X2XUU7,Betaine-aldehyde dehydrogenase,1232866
AAFPK,A0A081BCK2,Alanine racemase,1333998
AAFPK,A0A017T2J1,tRNA (5-methoxyuridine) 34 synthase,1192034
AAFPK,J4SGU2,Plasmid replication region DNA-binding N-terminal domain protein,985078
AAFPK,A0A0P7ZDH2,Mannose-1-phosphate guanylyltransferase ManC,1298881
AAFPK,A0A0M0JXX9,Uncharacterized protein,1460289
AAFPK,A0A081V8F2,Ribonuclease P protein component,292
AAFPK,A0A0D4DS50,Uncharacterized protein,1403539
AAFPK,I2BK53,HpaE protein,1037911
AAFPK,A0A0J9VEQ5,Uncharacterized protein,1033975
AAFPK,A0A0D0SWR5,"Unplaced genomic scaffold supercont1.25, whole genome shotgun sequence",1296106
AAFPK,A0A0Q8CPX2,2-hydroxymuconic semialdehyde dehydrogenase,1736566
AAFPK,A0A060TAK3,Kinesin-like protein,409370
AAFPK,A0A0P7C7M4,Transposase,269536
AAFPK,R9HB25,Uncharacterized protein,1235785
AAFPK,A0A0F2RIC1,Aldehyde dehydrogenase,1629710
AAFPK,S6EJ29,Flagellar hook-associated protein 2,1351755
AAFPK,R0H5C8,Uncharacterized protein,81985
AAFPK,V4ZVB6,Ribonuclease P protein component,1396830
AAFPK,B4E7D3,Ribonuclease P protein component,216591
AAFPK,A0A0M2FYM3,DEAD/DEAH box helicase,47715
AAFPK,A0A0E9L4V5,PRTRC system protein D,1603291
AAFPK,A0A0X2VDV3,Betaine-aldehyde dehydrogenase,1226301
AAFPK,A0A0N1NC96,Uncharacterized protein,1592326
AAFPK,S0ACI9,5-carboxymethyl-2-hydroxymuconate semialdehyde dehydrogenase HpcC,682634
AAFPK,I2DVU7,5-carboxymethyl-2-hydroxymuconate semialdehyde dehydrogenase,416344
AAFPK,A0A0C5JAS0,Transcriptional regulator,1565605
AAFPK,A0A0X2WQ84,AMP-binding protein,36773
AAFPK,H0J7S3,5-carboxymethyl-2-hydroxymuconate semialdehyde dehydrogenase,1112217
AAFPK,A0A0R3CW40,Betaine-aldehyde dehydrogenase,1615675
AAFPK,A0A0D0VSW2,"Unplaced genomic scaffold supercont1.2, whole genome shotgun sequence",1296109
AAFPK,A0A119DGL3,Ribonuclease P protein component,1503055
AAFPK,A0A103QZ57,Ribonuclease P protein component,1503055
AAFPK,A0A0X7A8F5,Periplasmic alpha-galactoside-binding protein,477195
AAFPK,A0A0L7CW87,Translation initiation factor IF-2,1365957
AAFPK,C2JZM4,"Type I site-specific deoxyribonuclease, HsdR family",525361
AAFPK,D6A434,AMP-dependent synthetase and ligase,566461
AAFPK,A5K335,Uncharacterized protein,126793
AAFPK,T2BPL9,Uncharacterized protein,235443
AAFPK,A0A0C9YPS4,"Unplaced genomic scaffold scaffold_404, whole genome shotgun sequence",765257
AAFPK,A0A085K5T5,Aldehyde dehydrogenase,13690
AAFPK,A0A106GHX9,Ribonuclease P protein component,101571
AAFPK,A0A069PWG4,Methylmalonate-semialdehyde dehydrogenase,60547
AAFPK,A0A0N0XUP5,Uncharacterized protein,66876
AAFPK,A0A0M9XKP8,Uncharacterized protein,1464079
AAFPK,B1K0Y6,Ribonuclease P protein component,406425
AAFPK,A0A0B1YML7,AMP-binding protein,1365108
AAFPK,G2X7L1,LMBR1 domain-containing protein,498257
AAFPK,Q47DX5,Plasmid segregation actin-type ATPase ParM,159087
AAFPK,A0A0J6XFT5,Transposase,66430
AAFPK,A0A0B4DIG7,Uncharacterized protein,363331
AAFPK,A0A0D2JCG5,Uncharacterized protein,1296102
AAFPK,A0A0C3BGK4,Uncharacterized protein,933852
AAFPK,A0A0A6QJ43,AMP-binding protein,159450
AAFPK,D5VH86,TonB family protein,509190
AAFPK,W9GP37,Transposase,1385369
AAFPK,W9H729,AraC family transcriptional regulator,1385369
AAFPK,A0A061FKC0,N-(5'-phosphoribosyl)anthranilate isomerase isoform 2,3641
AAFPK,A0A093C6B0,Protein VPRBP,240206
AAFPK,A0A0T2IKS3,Aldehyde dehydrogenase,1736562
AAFPK,V4NHU9,Uncharacterized protein,72664
AAFPK,A0A0A4HY80,Type VI secretion protein ImpA,1348058
AAFPK,B1Z314,5-carboxymethyl-2-hydroxymuconate semialdehyde dehydrogenase,398577
AAFPK,A0A087SNK2,Uncharacterized protein,3075
AAFPK,A0A0P0RPB3,Methylmalonate-semialdehyde dehydrogenase,1323664
AAFPK,A0A0Q4M3X4,Competence protein ComEC,1736223
AAFPK,A0A0A9D8K7,Uncharacterized protein,35708
AAFPK,H1YF44,Putative uncharacterized protein,714943
AAFPK,C5JES5,Mitochondrial GTPase,559298
AAFPK,A0A0J6KFR7,Betaine-aldehyde dehydrogenase,1628193
AAFPK,A0A0H2XRK0,Ribonuclease P protein component,331271
AAFPK,A0A081BCS5,Alcohol dehydrogenase,1333998
AAFPK,A0A0W1KR96,MBL fold metallo-hydrolase,1761890
AAFPK,K9X7I2,Transposase,56107
AAFPK,A6EQ29,Pyruvate carboxylase,50743
AAFPK,A0A0D0V9P0,"Unplaced genomic scaffold supercont1.2, whole genome shotgun sequence",1296110
AAFPK,C6IS70,Uncharacterized protein,469586
AAFPK,A9GFK1,Phosphoenolpyruvate carboxykinase [GTP],448385
AAFPK,A0A0J9DXH6,Beta-lactamase,1676617
AAFPK,A0A0L0DDJ6,Uncharacterized protein,461836
AAFPK,R5LP89,Uncharacterized protein,1262907
AAFPK,A3S0J5,Possible beta-lactamase type II,342110
AAFPK,C5T060,Uncharacterized protein,573060
AAFPK,A0A0J0DAJ2,Putative homoaconitase,5127
AAFPK,H0FSU4,"ABC transporter, periplasmic solute-binding protein",1107881
AAFPK,A0A0Q3PQW2,Protein VPRBP,12930
AAFPK,Q8YJT9,Transposase,103690
AAFPK,A0A132CTG1,Ribonuclease P protein component,1637862
AAFPK,A0A102MAA3,Ribonuclease P protein component,488446
AAFPK,A0A0Q2Q2S3,UDP-N-acetylmuramoylalanine--D-glutamate ligase,2371
AAFPK,A0A0P0MCY6,NAD/NADP-dependent betaine aldehyde dehydrogenase,1678129
AAFPK,A0A0X2Z7L9,Uncharacterized protein,1226301
AAFPK,A0A096MGJ7,Uncharacterized protein,48698
AAFPK,H5SUL4,Acetyltransferase,1446466
AAFPK,X6M9F9,Uncharacterized protein,46433
AAFPK,X6MU82,Bifunctional glycosyltransferase,46433
AAFPK,T0RVF3,Uncharacterized protein,1156394
AAFPK,A0A0E0GSG5,Uncharacterized protein,4536
AAFPK,A0A0J6C9C2,Ribosome maturation factor RimM,1331258
AAFPK,E3YR82,Metallo-beta-lactamase family protein,702457
AAFPK,A0A0D0MFQ5,Betaine-aldehyde dehydrogenase,277
AAFPK,A0A0R7VIU5,Glycosyl hydrolase,39947
AAFPK,A0A081B9Y0,Dihydrofolate reductase,1333998
AAFPK,A0A0D1D6P2,Uncharacterized protein,935700
AAFPK,E0YUF0,Salicylaldehyde dehydrogenase,13689
AAFPK,A0A087ALX5,Translation initiation factor IF-2,1688
AAFPK,A0A0N1KKE8,ATPase,1682204
AAFPK,G6EL61,Salicylaldehyde dehydrogenase,1088721
AAFPK,A0A0J9UYL2,Uncharacterized protein,1077284
AAFPK,G7G8F6,Uncharacterized protein,386429
AAFPK,L7FEV9,Putative beta-ketoacyl-acyl-carrier-protein synthase II,698760
AAFPK,M5WNQ8,Uncharacterized protein,3760
AAFPK,A0A0D0H736,HpaE protein,1542965
AAFPK,A0A0Q0C6P7,Metallo-beta-lactamase superfamily protein,83167
AAFPK,E9AN96,Uncharacterized protein,929439
AAFPK,H5SG87,Acetyltransferase,236499
AAFPK,K6ZHB3,Uncharacterized protein,1121922
AAFPK,A0A0M1DX73,Helicase SNF2,40324
AAFPK,A0A0B5EPS9,Oxidoreductase,1081613
AAFPK,V8P8T3,Protein VPRBP,8665
AAFPK,A0A0P9Z7T2,Metallo-beta-lactamase superfamily protein,264458
AAFPK,A0A102EB61,Ribonuclease P protein component,1637844
AAFPK,A0A0L8ELH0,Betaine-aldehyde dehydrogenase,1688405
AAFPK,F0RAB3,Ferrous iron transport protein B,867900
AAFPK,A0A0D0D1R5,"Unplaced genomic scaffold GYMLUscaffold_17, whole genome shotgun sequence",944289
AAFPK,T5BIH7,Uncharacterized protein,447095
AAFPK,A0A0G3Z0E3,Ribonuclease P protein component,488447
AAFPK,E9BAD6,Uncharacterized protein,981087
AAFPK,A0A088TF26,Ribonuclease P protein component,983594
AAFPK,A0A067Y2M1,Beta-glucosidase,4530
AAFPK,A0A0G5Z5F8,Holliday junction resolvase,287
AAFPK,A0A060H9K4,UDP-N-acetylmuramoylalanine--D-glutamate ligase,1401256
AAFPK,W5DYS7,Uncharacterized protein,4565
AAFPK,W5EJH9,Uncharacterized protein,4565
AAFPK,A0A0D3A910,Uncharacterized protein,109376
AAFPK,A0A067C8S4,Uncharacterized protein,695850
AAFPK,T1E7X2,Putative transcription initiation factor tfiid subunit 11,42839
AAFPK,U3J5X6,Uncharacterized protein,8839
AAFPK,A0A0R2W1W8,tRNA-dihydrouridine(20/20a) synthase,1655557
AAFPK,A0A0J9TR55,Uncharacterized protein,1035514
AAFPK,A0A0X2RWS7,Ribonuclease P protein component,196367
AAFPK,U2UJA3,Ribosomal RNA small subunit methyltransferase B,1321781
AAFPK,A0A0S2XEM4,MBL fold metallo-hydrolase,283699
AAFPK,B1T5K9,5-carboxymethyl-2-hydroxymuconate semialdehyde dehydrogenase,396597
AAFPK,A0A0N0Z8N2,5-carboxymethyl-2-hydroxymuconate semialdehyde dehydrogenase,1354267
AAFPK,A8H5W9,Inner membrane lipoprotein,398579
AAFPK,A0A0K0HV96,LuxR family transcriptional regulator,569
AAFPK,A0A091VM69,Protein VPRBP,128390
AAFPK,G1M525,Uncharacterized protein,9646
AAFPK,J5CHR6,Ribonuclease P protein component,985078
AAFPK,A0A0C2QEG2,Transposase,1245935
AAFPK,A0A0B7FEW2,Uncharacterized protein,1108050
AAFPK,A0A099F0Y1,Xylulose kinase,376733
AAFPK,F0G7K2,Uncharacterized protein,987057
AAFPK,L0A4T2,"Molybdenum ABC transporter, periplasmic molybdate-binding protein",937777
AAFPK,D3R3W0,Translation initiation factor IF-2,552531
AAFPK,A0A084YQ23,Betaine-aldehyde dehydrogenase,82995
AAFPK,A0A119BZI3,2-hydroxymuconic semialdehyde dehydrogenase,101571
AAFPK,W7CJK0,Inosine-5'-monophosphate dehydrogenase,1265861
AAFPK,A0A087EAY8,Putative phosphoglycerate mutase,356829
AAFPK,A0A099IWH4,Uncharacterized protein,754504
AAFPK,A0A0A2N2E6,Ribosome maturation factor RimM,511
AAFPK,A0A0P8C2K7,Uncharacterized protein,1666917
AAFPK,A0A060QBY8,Phosphoglucosamine mutase,1382230
AAFPK,D8RAG4,Putative uncharacterized protein,88036
AAFPK,A0A0P0MBS3,NAD/NADP-dependent betaine aldehyde dehydrogenase,1678128
AAFPK,Q25AF6,H0512B01.8 protein,4530
AAFPK,A0A0G8G5E4,DHH family phosphoesterase,1623
AAFPK,A0A118LJC2,Ribonuclease P protein component,1637876
AAFPK,R6WR33,5'-nucleotidase/2' 3'-cyclic phosphodiesterase,1262931
AAFPK,U4TGH5,Uncharacterized protein,1231336
AAFPK,A0A0M7E4G5,Ribosome maturation factor RimM,134375
AAFPK,V8KZ06,UDP-N-acetylmuramoylalanine--D-glutamate ligase,1214121
AAFPK,K1LK75,Uncharacterized protein,1225176
AAFPK,A7SYY0,Predicted protein,45351
AAFPK,W1RNQ6,Uncharacterized protein,1208321
AAFPK,A0A109BL31,Uncharacterized protein,207745
AAFPK,A2TC49,Aldehyde dehydrogenase,13690
AAFPK,A0A0D1ECI9,SnoaL-like polyketide cyclase,935700
AAFPK,A0A072TD71,Methylmalonate-semialdehyde dehydrogenase,180282
AAFPK,L5MMI7,Acetyl-CoA acetyltransferase,1246477
AAFPK,M1HJ48,Cellulose synthase catalytic subunit (UDP-forming),1278269
AAFPK,L7FE76,Uncharacterized protein,698760
AAFPK,E8WUJ9,Bifunctional protein PutA,443143
AAFPK,A0A0L0KFC3,Uncharacterized protein,146820
AAFPK,A0A0A1ZEM4,SAM-dependent methyltransferase,59925
AAFPK,A0A091L1R2,Protein VPRBP,187382
AAFPK,A0A0L1IU85,Uncharacterized protein,1509407
AAFPK,A0A0R0MML3,Uncharacterized protein,1714344
AAFPK,A0A090FPA4,Uncharacterized protein,69974
AAFPK,A0A061FT48,N-(5'-phosphoribosyl)anthranilate isomerase isoform 1,3641
AAFPK,A0A0M1GL56,Carboxy-terminal protease,1661745
AAFPK,F3GS07,Metallo-beta-lactamase family protein,629263
AAFPK,T2JM19,Sulfate and thiosulfate binding protein CysP,1284629
AAFPK,C6CYM9,Uncharacterized protein,324057
AAFPK,A0A0E0P052,Uncharacterized protein,4529
AAFPK,A0A0F9HY31,Uncharacterized protein,412755
AAFPK,A0A0R1AFG9,Phage tail tape measure protein,48296
AAFPK,U2DH76,Prephenate dehydrogenase,1507
AAFPK,D7MYV0,Uncharacterized protein,641149
AAFPK,A0A0Q5Z6C2,Malonyl-CoA synthase,1736365
AAFPK,A0A0P0REV8,Aldehyde dehydrogenase,1323664
AAFPK,M3I146,Uncharacterized protein,360313
AAFPK,R5VR68,Uncharacterized protein,1262953
AAFPK,A0A0X3A5V9,AMP-binding protein,36773
AAFPK,A0A0H5AGE0,Betaine-aldehyde dehydrogenase,200450
AAFPK,A0A0G1MNT8,Uncharacterized protein,1618958
AAFPK,A0A0Q3YLA0,Mitochondrial ribosomal protein L48,8496
AAFPK,A0A095C694,Uncharacterized protein,294750
AAFPK,A0A063KWD6,Beta-lactamase,43655
AAFPK,Q5KAV9,Uncharacterized protein,214684
AAFPK,A0A0C9ZEI6,"Unplaced genomic scaffold scaffold_33, whole genome shotgun sequence",765257
AAFPK,H0Z380,Uncharacterized protein,59729
AAFPK,A0A0A7CNP8,Secreted protein,1202772
AAFPK,A0A0F7SHB6,Carboxypeptidase s,5421
AAFPK,A0A0C1ZV79,Cell wall-binding protein,215803
AAFPK,L7EQK7,"Transposase, IS4 family",698760
AAFPK,H5SH38,Acetyltransferase,236499
AAFPK,A0A0F4SB39,Beta-lactamase,579607
AAFPK,F0ZY26,Putative uncharacterized protein,5786
AAFPK,B2UBE4,Beta-lactamase domain protein,402626
AAFPK,M0YJB9,Uncharacterized protein,112509
AAFPK,A0A125JVW6,2-hydroxymuconic semialdehyde dehydrogenase,101571
AAFPK,A0A0Q8G7F0,Alpha-galactoside-binding protein,1736577
AAFPK,A0A087EC81,Translation initiation factor IF-2,356829
AAFPK,L1L6X6,Uncharacterized protein,698759
AAFPK,A0A059C606,Uncharacterized protein,71139
AAFPK,A0A0K0Y7P3,3-succinoylsemialdehyde-pyridine dehydrogenase,1458307
AAFPK,A0A091Q5C0,Protein VPRBP,188344
AAFPK,A0A0A0AYS3,Protein VPRBP,50402
AAFPK,A0A103JBD7,2-hydroxymuconic semialdehyde dehydrogenase,60552
AAFPK,A0A0S2UBG9,Betaine aldehyde dehydrogenase,75105
AAFPK,F0YHQ3,Putative uncharacterized protein,44056
AAFPK,H2KT69,"Glutamyl-tRNA(Gln) amidotransferase subunit A, mitochondrial",79923
AAFPK,A0A0J6NPV5,Betaine-aldehyde dehydrogenase,1628212
AAFPK,A0A0D2V5F5,Uncharacterized protein,29730
AAFPK,A0A0D2VYD9,Uncharacterized protein,29730
AAFPK,R6QV83,ABC transporter permease/ATP-binding protein,1262761
AAFPK,F9GYI6,Tail-specific protease,1028805
AAFPK,A0A0L0TBN3,Uncharacterized protein,578462
AAFPK,A0A0N1G944,Uncharacterized protein,1592326
AAFPK,A0A058YE37,5-carboxymethyl-2-hydroxymuconate semialdehyde dehydrogenase,1331202
AAFPK,A0A0N0S770,Uncharacterized protein,132474
AAFPK,C6E6L9,Bifunctional protein PutA,443144
AAFPK,Q7N7W3,5-carboxymethyl-2-hydroxymuconate semialdehyde dehydrogenase,243265
AAFPK,A0A0X2TJY8,Methylmalonate-semialdehyde dehydrogenase,36773
AAFPK,V6LD48,Uncharacterized protein,348837
AAFPK,A0A0L7BLK7,Translation initiation factor IF-2,1365955
AAFPK,I3DS87,"Peptidase, S41 family",1095742
AAFPK,A0A074J721,Uncharacterized protein,1353537
AAFPK,W7QYV5,Ferrous iron transport protein B,1328323
AAFPK,A0A0A5JHZ3,Methylmalonate-semialdehyde dehydrogenase,85698
AAFPK,A0A0B5IC40,Betaine-aldehyde dehydrogenase,54291
AAFPK,A0A064BKX0,Uncharacterized protein,1451188
AAFPK,J9VTP3,Uncharacterized protein,235443
AAFPK,H2RRJ1,Uncharacterized protein,31033
AAFPK,A0A0N0ZC36,Betaine-aldehyde dehydrogenase,1682204
AAFPK,A0A0Q4Y7L8,PRTRC system protein D,1736316
AAFPK,F7QZ47,Phosphoesterase,1040964
AAFPK,A0A0E3MJQ0,5-carboxymethyl-2-hydroxymuconate semialdehyde dehydrogenase,294
AAFPK,X7ZWZ0,Transposase DDE domain protein,1299334
AAFPK,K5DKJ9,Alpha-galactoside ABC transporter substrate-binding protein,1229491
AAFPK,L7JE71,FAD-dependent oxidoreductase family protein,1143193
AAFPK,H2L3L2,Uncharacterized protein,8090
AAFPK,A0A0L0DJI5,Uncharacterized protein,461836
AAFPK,A0A0M0ST83,Transposase,1704290
AAFPK,A0A0M0SPS3,Transposase,1704290
AAFPK,A0A0Q7WTK0,LysR family transcriptional regulator,1736472
AAFPK,A0A060H2K7,UDP-N-acetylmuramoylalanine--D-glutamate ligase,155920
AAFPK,M1I3X2,Cellulose synthase catalytic subunit (UDP-forming),1278274
AAFPK,A0A089QK70,SAM-dependent methyltransferase,1501268
AAFPK,A0A0G3YNZ5,Cytosine methyltransferase,488447
AAFPK,A0A0P0YHJ0,Phosphoglucosamine mutase,1231624
AAFPK,A0A094FNL8,Uncharacterized protein,1420911
AAFPK,A0A086BSP6,Helicase SNF2,1262663
AAFPK,A8G9E3,5-carboxymethyl-2-hydroxymuconate semialdehyde dehydrogenase,399741
AAFPK,A0A059KKI4,Methylmalonate-semialdehyde dehydrogenase,1286631
AAFPK,A0A0Q5NYH1,Ribonuclease P protein component,1736287
AAFPK,B5Y2C8,5-carboxymethyl-2-hydroxymuconate semialdehyde dehydrogenase,507522
AAFPK,A0A137P4H7,Thiolase,796925
AAFPK,A0A081CUV6,Putative TetR family transcriptional regulator,1220582
AAFPK,A0A013VLR3,Aldehyde dehydrogenase,1461752
AAFPK,A0A069I5K5,Betaine-aldehyde dehydrogenase,1470558
AAFPK,A0A0D6SEX3,"Oligopeptide ABC transporter, periplasmic oligopeptide-binding protein OppA",1604021
AAFPK,A0A0G1BA12,Uncharacterized protein,1618785
AAFPK,I5CFE9,Putative aldehyde dehydrogenase,1171375
AAFPK,H2RRJ0,Uncharacterized protein,31033
AAFPK,H1LR34,"Peptidase, S41 family",762965
AAFPK,A0A091RBJ2,Protein VPRBP,54374
AAFPK,B9BD82,Ribonuclease P protein component,513051
AAFPK,F4NTE3,Putative uncharacterized protein,684364
AAFPK,K1WS95,Casein kinase II beta 2 subunit,1072389
AAFPK,Q0CER8,Uncharacterized protein,341663
AAFPK,A3MVI1,Malate synthase,410359
AAFPK,G2SFW3,Uncharacterized protein,762570
AAFPK,I3JDI8,Uncharacterized protein,8128
AAFPK,C0B5W3,Uncharacterized protein,470146
AAFPK,X0ZF51,Uncharacterized protein,412755
AAFPK,A0A0R2HF80,Inosine-5-monophosphate dehydrogenase,930946
AAFPK,F5HFZ2,Uncharacterized protein,283643
AAFPK,J8VP94,Benzaldehyde dehydrogenase,473781
AAFPK,A0A0G4MKM7,Uncharacterized protein,100787
AAFPK,A0A078BXC1,BnaC01g25220D protein,3708
AAFPK,W5ME71,Uncharacterized protein,7918
AAFPK,Q9C2J2,Putative uncharacterized protein 61D6.070,5141
AAFPK,C7ZG68,Putative uncharacterized protein,660122
AAFPK,B9BIC1,Uncharacterized protein,513052
AAFPK,A0A0J1D064,Betaine-aldehyde dehydrogenase,908627
AAFPK,A0A0H2QG02,Betaine-aldehyde dehydrogenase,158849
AAFPK,A0A139SHQ6,Thiamine-monophosphate kinase,1548208
AAFPK,Q5DTZ4,MKIAA1233 protein,10090
AAFPK,A0A0M0KBN7,Uncharacterized protein,1460289
AAFPK,R0E2X9,"Zn-dependent hydrolase, glyoxylase",1264675
AAFPK,A0A0K8S3W1,Uncharacterized protein,35024
AAFPK,F7XDZ3,Alpha/beta hydrolase fold protein,707241
AAFPK,U3TXY3,Metallophosphoesterase,891974
AAFPK,R6SPC2,Phosphoesterase,1263085
AAFPK,A0A0J5FRT9,5'-methylthioadenosine/S-adenosylhomocysteine nucleosidase,880157
AAFPK,W9ZVV1,Uncharacterized protein,1089452
AAFPK,A0A0L0NWK9,Uncharacterized protein,498019
AAFPK,A0A0J1ENZ1,D-arabino-3-hexulose 6-phosphate formaldehyde-lyase,595434
AAFPK,A0A094BQG3,Uncharacterized protein,1420908
AAFPK,A0A072PUV9,Uncharacterized protein,1182545
AAFPK,A0A088APG5,Uncharacterized protein,7460
AAFPK,D3D265,Uncharacterized protein,102897
AAFPK,F7EHC4,Uncharacterized protein,13616
AAFPK,W1S163,Aldehyde dehydrogenase,1207055
AAFPK,B9Z402,5-carboxymethyl-2-hydroxymuconate semialdehyde dehydrogenase,279714
AAFPK,A0A0A0L026,Uncharacterized protein,3659
AAFPK,A0A0A2BA48,SAM-dependent methyltransferase,59926
AAFPK,A0A0D1CIQ2,"Scaffold3, whole genome shotgun sequence",1609758
AAFPK,A0A0F8A2I1,Uncharacterized protein,1043627
AAFPK,A0A0E0UMP9,Tropinesterase,698936
AAFPK,M5CJ43,Uncharacterized protein,1118156
AAFPK,M4AUL3,Uncharacterized protein,8083
AAFPK,V6AMF1,ATP-dependent helicase HepA,1306165
AAFPK,B5JKE6,Carboxypeptidase Taq (M32) metallopeptidase superfamily,382464
AAFPK,A0A0C3R117,ACP phosphodiesterase,1521167
AAFPK,S9S200,Beta-lactamase,1235457
AAFPK,B2J1G3,"Transposase, IS4 family protein",63737
AAFPK,A0A093C7B6,Protein VPRBP,121530
AAFPK,A0A127PVR4,"Type II secretion system (T2SS), L family protein",279058
AAFPK,A0A0H2MG09,Uncharacterized protein,1489064
AAFPK,A0A0L6K1E2,Periplasmic alpha-galactoside-binding protein,1701910
AAFPK,W6WDX9,Methylmalonate-semialdehyde dehydrogenase,1144309
AAFPK,A0A127N4F9,LuxR family transcriptional regulator,82983
AAFPK,F5WWA7,5'-methylthioadenosine/S-adenosylhomocysteine nucleosidase 2,981539
AAFPK,B2JXB5,Uncharacterized protein,391038
AAFPK,F0VYL0,Putative uncharacterized protein AlNc14C1G17,890382
AAFPK,U1UWI4,Phosphoglycerate mutase,1390371
AAFPK,A0A0B2UV49,Protein FAM76A,6265
AAFPK,Q92YD4,Alpha/beta hydrolase fold protein,266834
AAFPK,A0A0C2XKI5,Uncharacterized protein,933852
AAFPK,G7Y1W1,Aminotransferase class-III,1033177
AAFPK,G8NWZ4,Methyltransferase type 11,682795
AAFPK,A0A0K6HU66,Methylmalonate-semialdehyde dehydrogenase [acylating],339866
AAFPK,K1YGS3,Uncharacterized protein,717931
AAFPK,F1NZ57,Uncharacterized protein,9031
AAFPK,A0A0E3CCW1,UDP-N-acetylmuramoylalanine--D-glutamate ligase,2371
AAFPK,W5E4Y5,Uncharacterized protein,4565
AAFPK,A0A104KJH6,Ribonuclease P protein component,179879
AAFPK,K0E2I9,Uncharacterized protein,1229205
AAFPK,A0A0P0FAH3,Uncharacterized protein,818
AAFPK,A0A087VIC8,Protein VPRBP,100784
AAFPK,C0BSS0,Putative azaleucine resistance protein AzlC,547043
AAFPK,U2CZW5,Uncharacterized protein,411472
AAFPK,A0A094JFU4,Uncharacterized protein,1420915
AAFPK,A0A125SG63,Ribonuclease P protein component,1795043
AAFPK,G6CSE1,Transcription initiation factor TFIID subunit 11,13037
AAFPK,A0A0G4G8G3,Uncharacterized protein,1169540
AAFPK,A0A0R1XWT3,Exodeoxyribonuclease A,1423761
AAFPK,A0A0C4YKG8,5-carboxymethyl-2-hydroxymuconate semialdehyde dehydrogenase,68895
AAFPK,A0A0D6UGR1,Carboxy-terminal protease,75985
AAFPK,A4XDT2,Aldehyde dehydrogenase (Acceptor),279238
AAFPK,A0A0A9W221,Uncharacterized protein,30085
AAFPK,I1GP22,Uncharacterized protein,15368
AAFPK,A0A0F0DFX2,Beta-lactamase,1619951
AAFPK,A0A024WIA2,Uncharacterized protein,1036727
AAFPK,W6WJ20,Aldehyde Dehydrogenase,1144309
AAFPK,A0A0M9XS50,Uncharacterized protein,1519475
AAFPK,E5AL86,5-carboxymethyl-2-hydroxymuconic-semialdehyde dehydrogenase (EC 1.2.1.60),882378
AAFPK,A0A090CZI8,Endonuclease III,1437425
AAFPK,B2JUX5,Methylmalonate-semialdehyde dehydrogenase,391038
AAFPK,A0A139X6E3,Peptidase M16,128403
AAFPK,H9J181,Uncharacterized protein,7091
AAFPK,A0A084GN48,Uncharacterized protein,1458122
AAFPK,L7I4I0,FAD-dependent oxidoreductase family protein,1143189
AAFPK,M1IBE3,Cellulose synthase catalytic subunit (UDP-forming),1278277
AAFPK,F3PDT0,Conserved domain protein,762984
AAFPK,A0A0F8U9R0,Uncharacterized protein,308745
AAFPK,H3KDU5,Helicase protein,762967
AAFPK,M7B9R8,Protein VPRBP,8469
AAFPK,A0A0G1FBI1,Uncharacterized protein,1618909
AAFPK,Q7Q741,AGAP005522-PA,7165
AAFPK,A0A0A6DWE6,Uncharacterized protein,29581
AAFPK,T1AYL3,"Transposase, IS4 family protein",410659
AAFPK,W6S0L1,Adenylating enzyme cmlK,348824
AAFPK,F3GIF0,Beta-lactamase-like protein,629263
AAFPK,A0A059NWR4,"UDP-2-acetamido-3-amino-2, 3-dideoxy-D-glucuronate N-acetyltransferase",195088
AAFPK,D8R3V9,Putative uncharacterized protein,88036
AAFPK,B1FLH8,5-carboxymethyl-2-hydroxymuconate semialdehyde dehydrogenase,396596
AAFPK,A0A0N7JF88,Arginase,1727164
AAFPK,C9SV87,LMBR1 domain-containing protein,526221
AAFPK,F6B0S9,Taurine dioxygenase,742013
AAFPK,F2TEI0,Mitochondrial GTPase,653446
AAFPK,L7C9T2,Bifunctional hexulose-6-phosphate synthase/ribonuclease regulator,993516
AAFPK,U5G4I2,Uncharacterized protein,3694
AAFPK,A0A069CNH8,Betaine-aldehyde dehydrogenase,1460083
AAFPK,I2DTQ0,"Glyceraldehyde-3-phosphate dehydrogenase, putative",416344
AAFPK,A0A0A1PM17,Uncharacterized protein,1522316
AAFPK,A0A0P8Z2G2,"Transposase, mutator family",36849
AAFPK,A4HUJ8,Uncharacterized protein,5671
AAFPK,A0A0Q3K955,Uncharacterized protein,15368
AAFPK,R9TQC8,Putative transposase protein YxiD,766760
AAFPK,A0A0X2PNT1,Betaine-aldehyde dehydrogenase,326474
AAFPK,A0A091JUN1,Adenine phosphoribosyltransferase,57412
AAFPK,A0A0V1ICD0,Uncharacterized protein,6337
AAFPK,A0A069PDG5,Betaine-aldehyde dehydrogenase,60547
AAFPK,A0A094L7L0,Protein VPRBP,345573
AAFPK,A0A0M9ZSI2,Transposase,1519490
AAFPK,A0A0E4AGW8,Ribonuclease P protein component,292
AAFPK,A0A081VFJ4,Cytosine methyltransferase,292
AAFPK,A0A0M4T534,Transposase,224013
AAFPK,V9KA59,Protein VPRBP,7868
AAFPK,G5JMI5,Uncharacterized protein,873449
AAFPK,A0A0M2TJF3,Ribonuclease P protein component,1334628
AAFPK,A0A087CC95,Translation initiation factor IF-2,78448
AAFPK,M4EY92,Uncharacterized protein,51351
AAFPK,R6V2Z5,Uncharacterized protein,1263044
AAFPK,A0A104Y7Q7,Ribonuclease P protein component,87883
AAFPK,A0A103I396,2-hydroxymuconic semialdehyde dehydrogenase,60552
AAFPK,A0A0A0EEZ5,Uncharacterized protein,1461694
AAFPK,A0A0D7X549,2-(5'-triphosphoribosyl)-3'-dephospho CoA synthase,159743
AAFPK,I3JK73,Uncharacterized protein,8128
AAFPK,A0A0D1A524,"Unplaced genomic scaffold supercont1.1, whole genome shotgun sequence",1334442
AAFPK,D0I5H7,Putative heme iron utilization protein,675812
AAFPK,A0A0F8WP12,Uncharacterized protein,138278
AAFPK,A0A0G2EA20,Putative sec20 family protein,158046
AAFPK,A0A0B8ZL42,Aldehyde dehydrogenase,48936
AAFPK,A0A104PDJ6,ATPase,179879
AAFPK,A0A096MHI9,Uncharacterized protein,48698
AAFPK,U1XVM2,Ribonuclease P protein component,985077
AAFPK,A0A090GQ28,Uncharacterized protein,1505933
AAFPK,A0A0L8FQR6,Uncharacterized protein,37653
AAFPK,G0U105,Putative uncharacterized protein,1055687
AAFPK,A0A0D6KBE9,Uncharacterized protein,1188
AAFPK,N6ZTR0,"Superfamily II DNA/RNA helicases, SNF2 family protein",1234382
AAFPK,R6YKV1,Uncharacterized protein,1262695
AAFPK,A0A0Q6R0K9,Aminotransferase,1736515
AAFPK,A0A0D0TL13,"Unplaced genomic scaffold supercont2.2, whole genome shotgun sequence",1296117
AAFPK,A0A091H9U9,Protein VPRBP,175836
AAFPK,A0A084VZ91,AGAP005522-PA-like protein,74873
AAFPK,A0A091K1U6,Protein VPRBP,57412
AAFPK,A0A081RV42,5-carboxymethyl-2-hydroxymuconate semialdehyde dehydrogenase,1393735
AAFPK,V9XN14,Uncharacterized protein,1435356
AAFPK,S9VB05,SLACS reverse transcriptase,59799
AAFPK,A0A124QB96,2-hydroxymuconic semialdehyde dehydrogenase,488731
AAFPK,A0A103Z8X5,Ribonuclease P protein component,292
AAFPK,C3X3E2,Uncharacterized protein,556268
AAFPK,M0YWZ0,Uncharacterized protein,112509
AAFPK,M0YWZ1,Uncharacterized protein,112509
AAFPK,F6G1S6,Metallo-beta-lactamase protein,1031711
AAFPK,A0A087CZX4,Translation initiation factor IF-2,1437611
AAFPK,A0A091RTP9,Protein VPRBP,176057
AAFPK,A0A0P1G4Z1,Acetoin catabolism regulatory protein,928856
AAFPK,B2I854,UDP-N-acetylmuramoylalanine--D-glutamate ligase,405441
AAFPK,A0A0L8AW01,Betaine-aldehyde dehydrogenase,1293045
AAFPK,A0A0A3ILS8,LysR family transcriptional regulator,1220589
AAFPK,A0A024IYI1,"ABC transporter, substrate binding protein (Alpha-galactoside)",358
AAFPK,A0A024IRU3,Methyl-accepting chemotaxis protein,358
AAFPK,A0A0B5D6P8,Uncharacterized protein,40318
AAFPK,A0A125T292,Efflux pump membrane transporter BepE,1550579
AAFPK,D6WQX7,GMP reductase,7070
AAFPK,Q7UN97,Uncharacterized protein,243090
AAFPK,A0A0C2HDS8,BTG family protein,51022
AAFPK,A0A0F0FGA1,Betaine-aldehyde dehydrogenase,1619952
AAFPK,Q7CVI9,"ABC transporter, substrate binding protein (Alpha-galactoside)",176299
AAFPK,A0A0H3LR06,5-carboxymethyl-2-hydroxymuconate semialdehyde dehydrogenase,257310
AAFPK,A0A074ZGX5,Uncharacterized protein,6198
AAFPK,A0A0C3BSV3,Uncharacterized protein,686832
AAFPK,W1L2Y1,Periplasmic alpha-galactoside-binding protein,1336745
AAFPK,M9WVZ9,Tail-specific protease Prc,1316932
AAFPK,D7C178,Uncharacterized protein,749414
AAFPK,B9KN65,RNA-binding region,557760
AAFPK,E9ID63,Putative uncharacterized protein,13686
AAFPK,A0A132EUA8,ATPase,1207504
AAFPK,A0A0N1GDM0,Uncharacterized protein,1592328
AAFPK,A0A0B3BMR7,ATPase,1511746
AAFPK,A0A0A1TXJ9,Uncharacterized protein,370355
AAFPK,A0A0K2UMC4,Uncharacterized protein,72036
AAFPK,A0A0J0CFZ7,Putative homoaconitase,5127
AAFPK,F0VCZ1,Uncharacterized protein,572307
AAFPK,V3ZQV9,Uncharacterized protein,225164
AAFPK,A0A103LNQ7,Ribonuclease P protein component,1637866
AAFPK,F9GQI4,Tail-specific protease,1028803
AAFPK,S4RGS3,Uncharacterized protein,7757
AAFPK,V4T7L0,Uncharacterized protein,631454
AAFPK,A0A074KBX9,Uncharacterized protein,1353528
AAFPK,A0A105L1X0,Ribonuclease P protein component,101571
AAFPK,A0A071M444,Betaine-aldehyde dehydrogenase,95486
AAFPK,K8WQV0,Dihydroorotase,1141660
AAFPK,G0SA16,Hsk1-interacting molecule 1-like protein,759272
AAFPK,A0A127R3N4,"Type II secretion system (T2SS), L family protein",279113
AAFPK,A0A091NJA7,Protein VPRBP,57397
AAFPK,Q5NSX7,Ribonuclease P protein component,87883
AAFPK,A0A118EYZ8,Ribonuclease P protein component,60552
AAFPK,A0A118GGB0,Ribonuclease P protein component,60552
AAFPK,M8BEA9,Alpha-galactoside ABC transporter substrate-binding protein,1281779
AAFPK,A0A0K2JGP0,Transketolase,273035
AAFPK,F9GW99,Tail-specific protease,1028804
AAFPK,A0A0P6ZKD0,Uncharacterized protein,29497
AAFPK,A0A0B2B148,Ribonuclease P protein component,1348852
AAFPK,J2KRH4,Lipid A core-O-antigen ligase-like enyme,1144318
AAFPK,A0A067CF00,Uncharacterized protein,695850
AAFPK,M1CR38,Uncharacterized protein,4113
AAFPK,L8H1A2,"Sphingomyelin phosphodiesterase, putative",1257118
AAFPK,S0AMC8,Uncharacterized protein,682634
AAFPK,U5G7P9,Uncharacterized protein,3694
AAFPK,A0A0H5AU28,Uncharacterized protein,200450
AAFPK,A0A0A9KS70,Uncharacterized protein,35708
AAFPK,A0A0A9ITZ0,Uncharacterized protein,35708
AAFPK,R7I2K1,CRISPR-associated endonuclease Cas9,1262802
AAFPK,A0A0B1YII6,Beta-lactamase,1217052
AAFPK,D7IK65,Putative uncharacterized protein,469585
AAFPK,A0A0G1DU15,Uncharacterized protein,1618870
AAFPK,Q402C7,Aldehyde dehydrogenase,310515
AAFPK,A3ALU8,Uncharacterized protein,39947
AAFPK,R7W554,Uncharacterized protein,37682
AAFPK,M5C1T2,Uncharacterized protein,1108050
AAFPK,K1QIL8,Aldehyde dehydrogenase family 8 member A1,29159
AAFPK,A0A0X7JPV0,Uncharacterized protein,67257
AAFPK,A5V5L4,Uncharacterized protein,392499
AAFPK,A0A060RCJ8,ATP binding protein,1433126
AAFPK,U2HUU2,Uncharacterized protein,1346330
AAFPK,E6R541,Uncharacterized protein,367775
AAFPK,A0A0J6TUL9,Uncharacterized protein,1295136
AAFPK,F2D151,Predicted protein,112509
AAFPK,A0A081Y2I4,Helicase SNF2,1502784
AAFPK,A0A0J9X755,Kinesin-like protein,1173061
AAFPK,X5JN38,Uncharacterized protein,1164990
AAFPK,A0A087ANL1,Translation initiation factor IF-2,78344
AAFPK,A0A088RLW1,"Ribosome biogenesis protein, putative",5679
AAFPK,A0A103JBV0,Aldehyde dehydrogenase,60552
AAFPK,Q3RDV1,UDP-N-acetylmuramoylalanine--D-glutamate ligase,155919
AAFPK,G4USR3,Uncharacterized protein,510952
AAFPK,A0A0U1NMD0,Long-chain-fatty-acid--CoA ligase,282199
AAFPK,A0A0L0GJR2,Betaine-aldehyde dehydrogenase,379893
AAFPK,G3W9Y7,Uncharacterized protein,9305
AAFPK,A0A0W8KAI3,Uncharacterized protein,1131732
AAFPK,A0A128F5I1,ChuX-like family protein,1796497
AAFPK,F4GGG2,PRTRC system protein D,596154
AAFPK,Q1K5H2,Uncharacterized protein,367110
AAFPK,K0NH61,Uncharacterized protein,872326
AAFPK,A0A0L0T958,Uncharacterized protein,578462
AAFPK,A0A0B4XLB7,"Superfamily II DNA/RNA helicases, SNF2 family protein",391936
AAFPK,K7G681,Uncharacterized protein,13735
AAFPK,A0A0E0D5B8,Uncharacterized protein,40149
AAFPK,K4BY35,Uncharacterized protein,4081
AAFPK,A0A077K9T2,Uncharacterized protein,1530085
AAFPK,A0A0D0UDG4,"Unplaced genomic scaffold supercont1.1, whole genome shotgun sequence",1296112
AAFPK,W5ME93,Uncharacterized protein,7918
AAFPK,A0A0L7QN22,Transcription initiation factor TFIID subunit 11,597456
AAFPK,Z9JJ01,UDP-N-acetylmuramoylalanine--D-glutamate ligase,1444770
AAFPK,A0A0Q3ZFJ9,Vpr (HIV-1) binding protein,8496
AAFPK,F5JAQ8,"ABC transporter, substrate binding protein (Alpha-galactoside)",82789
AAFPK,A0A0F9YW74,"Polymerase III, subunit gamma and tau protein",1619079
AAFPK,I3Z9L3,Uncharacterized protein,866536
AAFPK,I0LEU4,TadE family protein,1150864
AAFPK,A0A119PI21,Ribonuclease P protein component,488732
AAFPK,A0A0B2JRB4,Beta-lactamase,1315273
AAFPK,F5UDY2,Uncharacterized protein,756067
AAFPK,A0A0B2AHN8,AMP-dependent synthetase,1355015
AAFPK,A0A0S2LIS5,Uncharacterized protein,214684
AAFPK,A0A0M5JK52,Uncharacterized protein,712122
AAFPK,B2JLP1,AMP-dependent synthetase and ligase,391038
AAFPK,A0A094EJI1,Uncharacterized protein,1420912
AAFPK,A0A118XHQ6,2-hydroxymuconic semialdehyde dehydrogenase,101571
AAFPK,A0A0F0I2H3,Putative lipopolysaccharide-modifying enzyme,1403190
AAFPK,A0A0D0WB72,"Unplaced genomic scaffold supercont1.84, whole genome shotgun sequence",1296103
AAFPK,A0A0C2R738,Uncharacterized protein,220754
AAFPK,A0A073IKV3,Uncharacterized protein,1300350
AAFPK,A0A0Q4EA77,Uncharacterized protein,1735680
AAFPK,D9PK33,Mg/Co/Ni transporter MgtE domain protein,749907
AAFPK,E4ZHT4,Putative uncharacterized protein,985895
AAFPK,A0A0A0D8A6,Aldehyde dehydrogenase,1398085
AAFPK,A0A0S2UJ09,Methylmalonate-semialdehyde dehydrogenase,75105
AAFPK,Q9X9Q8,Salicylaldehyde dehydrogenase,121428
AAFPK,T1GE55,Uncharacterized protein,36166
AAFPK,A3TWI8,Aldehyde dehydrogenase family protein,252305
AAFPK,A0A0G7ZPL3,Metallo-beta-lactamase superfamily protein,305
AAFPK,A7HU93,Aldehyde dehydrogenase,402881
AAFPK,A0A0P7UBQ1,Uncharacterized protein,113540
AAFPK,F2AUL0,Bifunctional hexulose-6-phosphate synthase/ribonuclease regulator,991778
AAFPK,F6RZI5,Uncharacterized protein,9796
AAFPK,B1SZF5,Ribonuclease P protein component,396597
AAFPK,M2MS34,Uncharacterized protein,717646
AAFPK,A0A0H3KM64,Uncharacterized protein,395019
AAFPK,A3QFF7,Uncharacterized protein,323850
AAFPK,G3JKD6,Fumarate reductase/succinate dehydrogenase flavoprotein,983644
AAFPK,F4PRT6,DNA polymerase theta short isoform,1054147
AAFPK,T0RPI9,Uncharacterized protein,1156394
AAFPK,A0A0R2YM36,Betaine-aldehyde dehydrogenase,47883
AAFPK,A0A099ZQQ2,Protein VPRBP,94827
AAFPK,A0A0A8GKL8,Nitrogen assimilation transcriptional regulator protein,1432049
AAFPK,L7FLW9,Uncharacterized protein,370355
AAFPK,A0A0S2LI14,Uncharacterized protein,214684
AAFPK,A0A0M9CNA3,Uncharacterized protein,1415561
AAFPK,B5EFV6,Bifunctional protein PutA,404380
AAFPK,A0A109JRJ6,Uncharacterized protein,40324
AAFPK,A0A072UP41,Uncharacterized protein,3880
AAFPK,A0A0D8R2U6,HuvX protein,661
AAFPK,A0A0A5IDC3,Uncharacterized protein,29498
AAFPK,M2X580,Uncharacterized protein,130081
AAFPK,A0A067Q5D0,Uncharacterized protein,933084
AAFPK,A0A0B1YU03,Ribonuclease P protein component,1365108
AAFPK,A0A0U2Z4I8,Uncharacterized protein,1526571
AAFPK,A0A0J6LX42,Ribonuclease P protein component,1628208
AAFPK,A0A094K6B8,Protein VPRBP,279965
AAFPK,B6U498,Non-cyanogenic beta-glucosidase,4577
AAFPK,M5SED2,Bifunctional hexulose-6-phosphate synthase/ribonuclease regulator,1263868
AAFPK,H8MHQ1,Cytochrome c peroxidase,1144275
AAFPK,A0A024KBD7,Aldehyde dehydrogenase B,1380412
AAFPK,A0A090BX84,Putative ketosynthase,85558
AAFPK,A0A127QB93,"Type II secretion system (T2SS), L family protein",279113
AAFPK,A0A0Q4KQ39,Uncharacterized protein,1736215
AAFPK,L8MBW1,5-carboxymethyl-2-hydroxymuconate semialdehyde dehydrogenase,1149133
AAFPK,F1W4J0,Cation/multidrug efflux pump,937450
AAFPK,Q8YJU1,Asl9022 protein,103690
AAFPK,Q9U8A9,Coatomer complex COPI delta-COP subunit,7227
AAFPK,A0A060W6Y1,Uncharacterized protein,8022
AAFPK,L0MCC8,5-carboxymethyl-2-hydroxymuconate semialdehyde dehydrogenase,1249634
AAFPK,B9P1S9,SAM (And some other nucleotide) binding motif:Generic methyl-transferase,93058
AAFPK,R0L817,Uncharacterized protein,8839
AAFPK,F6S2Y2,Uncharacterized protein,9796
AAFPK,A0A087LRT3,Aldehyde dehydrogenase,1535287
AAFPK,A0A0H0YP78,DEAD/DEAH box helicase,1582
AAFPK,I2ET40,Inosine-5'-monophosphate dehydrogenase,929562
AAFPK,A0A0M2N5B2,Betaine-aldehyde dehydrogenase,569
AAFPK,W5M219,Uncharacterized protein,7918
AAFPK,A0A0L7LIT8,Transcription initiation factor TFIID subunit 11,104452
AAFPK,G3UWL5,Protein Adamtsl3,10090
AAFPK,G1MTP4,Uncharacterized protein,9103
AAFPK,A0A074STL4,Uncharacterized protein,99158
